AR,L,phi,QW,Qa,h,VA,R,sigma
0.6,1,10,1.60,0,0.94,0.00,0.004,19.93662346
0.6,1,10,3.20,3.467140192,0.94,2.18,0.004,4.780870938
0.6,1,10,4.80,10.84674134,0.94,6.82,0.004,1.330923555
0.6,1,10,6.40,16.68362414,0.94,10.49,0.004,0.069291758
0.6,1,10,8.00,23.45886139,0.94,14.75,0.004,-0.691540263
0.6,1,10,9.60,29.53430889,0.94,18.57,0.004,-1.085184283
0.6,1,10,11.55,36.94571865,0.94,23.23,0.004,-1.389263853
0.6,2,10,1.60,0.311017673,0.94,0.44,0.004,19.90349833
0.6,2,10,3.20,4.087408392,0.94,2.57,0.004,4.701629853
0.6,2,10,4.80,10.86264565,0.94,6.83,0.004,1.328328525
0.6,2,10,6.40,17.94006485,0.94,11.28,0.004,-0.114623483
0.6,2,10,8.00,26.95781021,0.94,16.95,0.004,-1.168843212
0.6,2,10,9.60,34.97358387,0.94,21.99,0.004,-1.744470103
0.6,2,10,11.50,43.48239122,0.94,27.34,0.004,-2.089755424
0.6,4,10,1.60,0,0.94,0.00,0.004,19.93662346
0.6,4,10,3.20,4.007886828,0.94,2.52,0.004,4.712516145
0.6,4,10,4.80,10.4332292,0.94,6.56,0.004,1.397059739
0.6,4,10,6.40,18.43309855,0.94,11.59,0.004,-0.190439342
0.6,4,10,8.00,25.92402988,0.94,16.30,0.004,-1.020926522
0.6,4,10,9.60,35.40300031,0.94,22.26,0.004,-1.801254199
0.6,4,10,11.45,46.23383734,0.94,29.07,0.004,-2.434095792
0.6,6,10,1.60,0,0.94,0.00,0.00400002,19.93662346
0.6,6,10,3.20,3.785226448,0.94,2.38,0.00400002,4.741859942
0.6,6,10,4.80,10.9262629,0.94,6.87,0.00400002,1.317910384
0.6,6,10,6.40,17.43112684,0.94,10.96,0.00400002,-0.038517822
0.6,6,10,8.00,27.16456628,0.94,17.08,0.00400002,-1.199120535
0.6,6,10,9.60,33.00144908,0.94,20.75,0.00400002,-1.492583027
0.6,6,10,11.45,40.49238041,0.94,25.46,0.00400002,-1.7764018
0.6,1,15,1.90,0,1.41,0.00,0.00571,31.81023577
0.6,1,15,3.80,0.883572934,1.41,1.25,0.00571,7.845917134
0.6,1,15,5.70,3.260384126,1.41,2.05,0.00571,3.406993394
0.6,1,15,7.60,5.407466355,1.41,3.40,0.00571,1.790895048
0.6,1,15,9.50,7.840826215,1.41,4.93,0.00571,1.006996979
0.6,1,15,11.40,10.97397584,1.41,6.90,0.00571,0.522571155
0.6,1,15,13.30,14.23435996,1.41,8.95,0.00571,0.202898178
0.6,2,15,1.90,0,1.41,0.00,0.00571,31.81023577
0.6,2,15,3.80,3.037723746,1.41,1.91,0.00571,7.703573355
0.6,2,15,5.70,5.868691426,1.41,3.69,0.00571,3.12144436
0.6,2,15,7.60,11.57833972,1.41,7.28,0.00571,1.083844505
0.6,2,15,9.50,17.68559584,1.41,11.12,0.00571,-0.077911596
0.6,2,15,11.40,27.40313097,1.41,17.23,0.00571,-1.36769347
0.6,2,15,13.30,35.18033993,1.41,22.12,0.00571,-2.076910554
0.6,4,15,1.90,0,1.41,0.00,0.00571,31.81023577
0.6,4,15,3.80,3.180862562,1.41,2.00,0.00571,7.679555914
0.6,4,15,5.70,6.441246688,1.41,4.05,0.00571,3.036922622
0.6,4,15,7.60,12.07137342,1.41,7.59,0.00571,1.005190626
0.6,4,15,9.50,20.72331959,1.41,13.03,0.00571,-0.581618563
0.6,4,15,11.40,31.12474017,1.41,19.57,0.00571,-2.020716714
0.6,4,15,13.30,40.61961491,1.41,25.54,0.00571,-2.985047884
0.6,6,15,1.90,0,1.41,0.00,0.00571002,31.81023577
0.6,6,15,3.80,3.403522941,1.41,2.14,0.00571002,7.639997775
0.6,6,15,5.70,6.393533749,1.41,4.02,0.00571002,3.044266403
0.6,6,15,7.60,12.77116319,1.41,8.03,0.00571002,0.887922175
0.6,6,15,9.50,22.727263,1.41,14.29,0.00571002,-0.957524077
0.6,6,15,11.40,31.91995581,1.41,20.07,0.00571002,-2.171020048
0.6,6,15,13.30,40.25381572,1.41,25.31,0.00571002,-2.919886519
0.6,1,20,2.30,0,1.88,0.00,0.00697,38.59187603
0.6,1,20,4.60,1.52681403,1.88,0.96,0.00697,9.57165945
0.6,1,20,6.90,3.260384126,1.88,2.05,0.00697,4.13333204
0.6,1,20,9.20,4.707676591,1.88,2.96,0.00697,2.230624568
0.6,1,20,11.50,7.125132138,1.88,4.48,0.00697,1.277778623
0.6,1,20,13.80,9.431257496,1.88,5.93,0.00697,0.748474903
0.6,1,20,16.20,15.42718342,1.88,9.70,0.00697,0.149742789
0.6,2,20,2.30,0,1.88,0.00,0.00697,38.59187603
0.6,2,20,4.60,3.419427254,1.88,2.15,0.00697,9.265220598
0.6,2,20,6.90,7.109227826,1.88,4.47,0.00697,3.552678711
0.6,2,20,9.20,13.12105807,1.88,8.25,0.00697,1.003078585
0.6,2,20,11.50,17.3834139,1.88,10.93,0.00697,-0.039018327
0.6,2,20,13.80,25.14471855,1.88,15.81,0.00697,-1.227632072
0.6,2,20,16.20,34.21017685,1.88,21.51,0.00697,-2.310997482
0.6,4,20,2.30,0,1.88,0.00,0.00697,38.59187603
0.6,4,20,4.60,3.546661756,1.88,2.23,0.00697,9.236207068
0.6,4,20,6.90,7.506835646,1.88,4.72,0.00697,3.468129516
0.6,4,20,9.20,13.82084783,1.88,8.69,0.00697,0.848786884
0.6,4,20,11.50,21.07321447,1.88,13.25,0.00697,-0.782209838
0.6,4,20,13.80,31.99947737,1.88,20.12,0.00697,-2.652348572
0.6,4,20,16.20,40.14248553,1.88,25.24,0.00697,-3.475157173
0.6,6,20,2.30,0,1.88,0.00,0.00697002,38.59187603
0.6,6,20,4.60,3.276288439,1.88,2.06,0.00697002,9.296593962
0.6,6,20,6.90,6.600289816,1.88,4.15,0.00697002,3.654189266
0.6,6,20,9.20,11.14892328,1.88,7.01,0.00697002,1.394777802
0.6,6,20,11.50,18.91022793,1.88,11.89,0.00697002,-0.329249016
0.6,6,20,13.80,28.53233718,1.88,17.94,0.00697002,-1.889006421
0.6,6,20,16.10,33.51038709,1.88,21.07,0.00697002,-2.213158233
0.6,1,30,3.30,0,2.82,0.00,0.00926,42.17996368
0.6,1,30,6.60,1.542718342,2.82,0.97,0.00926,10.45983982
0.6,1,30,9.90,4.898528345,2.82,3.08,0.00926,4.305100117
0.6,1,30,13.20,8.413381476,2.82,5.29,0.00926,2.003110081
0.6,1,30,16.50,13.12105807,2.82,8.25,0.00926,0.701657615
0.6,1,30,19.80,18.51262011,2.82,11.64,0.00926,-0.190751919
0.6,1,30,23.70,23.41114845,2.82,14.72,0.00926,-0.702953452
0.6,2,30,3.30,0,2.82,0.00,0.00926,42.17996368
0.6,2,30,6.60,4.325973084,2.82,2.72,0.00926,9.875438484
0.6,2,30,9.90,11.11711465,2.82,6.99,0.00926,2.721408943
0.6,2,30,13.20,19.05336674,2.82,11.98,0.00926,-0.610887917
0.6,2,30,16.50,26.21030751,2.82,16.48,0.00926,-2.245414212
0.6,2,30,19.80,34.13065529,2.82,21.46,0.00926,-3.459216316
0.6,2,30,23.60,38.79061894,2.82,24.39,0.00926,-3.385778891
0.6,4,30,3.30,0,2.82,0.00,0.00926,42.17996368
0.6,4,30,6.60,4.421398961,2.82,2.78,0.00926,9.845573608
0.6,4,30,9.90,9.606204937,2.82,6.04,0.00926,3.219297666
0.6,4,30,13.20,14.67968072,2.82,9.23,0.00926,0.708766324
0.6,4,30,16.50,18.65575892,2.82,11.73,0.00926,-0.305138421
0.6,4,30,19.80,24.61987623,2.82,15.48,0.00926,-1.237941196
0.6,4,30,23.70,31.10883585,2.82,19.56,0.00926,-1.867412288
0.6,6,30,3.30,0,2.82,0.00,0.00925998,42.17996368
0.6,6,30,6.60,2.671924552,2.82,1.68,0.00925998,10.28956478
0.6,6,30,9.90,6.552576877,2.82,4.12,0.00925998,4.003917361
0.6,6,30,13.20,12.13499067,2.82,7.63,0.00925998,1.319095804
0.6,6,30,16.50,15.66574812,2.82,9.85,0.00925998,0.282318546
0.6,6,30,19.80,17.94006485,2.82,11.28,0.00925998,-0.107781861
0.6,6,30,23.30,21.31177916,2.82,13.40,0.00925998,-0.457763294
0.6,1,40,3.90,0,3.76,0.00,0.00926,53.68863227
0.6,1,40,7.80,0.947190185,3.76,1.34,0.00926,13.21531902
0.6,1,40,11.70,4.24645152,3.76,2.67,0.00926,5.600428743
0.6,1,40,15.60,6.822950195,3.76,4.29,0.00926,2.825537505
0.6,1,40,19.50,9.51077906,3.76,5.98,0.00926,1.488454451
0.6,1,40,23.40,14.80691522,3.76,9.31,0.00926,0.381972312
0.6,1,40,27.70,19.57820907,3.76,12.31,0.00926,-0.31983344
0.6,2,40,3.90,0,3.76,0.00,0.00926,53.68863227
0.6,2,40,7.80,2.671924552,3.76,1.68,0.00926,13.09703971
0.6,2,40,11.70,5.121188724,3.76,3.22,0.00926,5.43457763
0.6,2,40,15.60,9.494874747,3.76,5.97,0.00926,2.329151445
0.6,2,40,19.50,14.85462816,3.76,9.34,0.00926,0.539728127
0.6,2,40,23.40,20.05533845,3.76,12.61,0.00926,-0.543865483
0.6,2,40,27.50,24.92205817,3.76,15.67,0.00926,-1.195734303
0.6,4,40,3.90,0,3.76,0.00,0.00926,53.68863227
0.6,4,40,7.80,2.783254742,3.76,1.75,0.00926,13.06938208
0.6,4,40,11.70,5.646031047,3.76,3.55,0.00926,5.320199493
0.6,4,40,15.60,9.256310055,3.76,5.82,0.00926,2.380080779
0.6,4,40,19.50,14.74329797,3.76,9.27,0.00926,0.563737859
0.6,4,40,23.40,19.65773063,3.76,12.36,0.00926,-0.46396692
0.6,4,40,27.60,23.17258376,3.76,14.57,0.00926,-0.881052133
0.6,6,40,3.90,0,3.76,0.00,0.00925998,53.68863227
0.6,6,40,7.80,2.067560665,3.76,1.30,0.00925998,13.22748332
0.6,6,40,11.70,4.675867966,3.76,2.94,0.00925998,5.522881381
0.6,6,40,15.60,8.254338348,3.76,5.19,0.00925998,2.579832626
0.6,6,40,19.50,10.81493271,3.76,6.80,0.00925998,1.295307607
0.6,6,40,23.40,11.26025347,3.76,7.08,0.00925998,0.849776637
0.6,6,40,27.20,14.39340309,3.76,9.05,0.00925998,0.327918925
0.6,1,60,4.60,0,5.64,0.00,0.01379,86.83172108
0.6,1,60,9.20,1.224632086,5.64,0.77,0.01379,21.59747144
0.6,1,60,13.80,3.562566069,5.64,2.24,0.01379,9.232505856
0.6,1,60,18.40,6.329916498,5.64,3.98,0.01379,4.689205508
0.6,1,60,23.00,9.749343752,5.64,6.13,0.01379,2.353160774
0.6,1,60,27.60,10.81493271,5.64,6.80,0.01379,1.454810721
0.6,1,60,32.00,13.42324001,5.64,8.44,0.01379,0.697364416
0.6,2,60,4.60,0,5.64,0.00,0.01379,86.83172108
0.6,2,60,9.20,1.574526968,5.64,0.99,0.01379,21.52533506
0.6,2,60,13.80,4.007886828,5.64,2.52,0.01379,9.122148456
0.6,2,60,18.40,7.220558015,5.64,4.54,0.01379,4.466983726
0.6,2,60,23.00,10.36961195,5.64,6.52,0.01379,2.206100927
0.6,2,60,27.60,12.19860792,5.64,7.67,0.01379,1.194216807
0.6,2,60,32.00,15.3953748,5.64,9.68,0.01379,0.351365633
0.6,4,60,4.60,0,5.64,0.00,0.01379,86.83172108
0.6,4,60,9.20,0.282743339,5.64,0.40,0.01379,21.67812185
0.6,4,60,13.80,2.401551234,5.64,1.51,0.01379,9.45917406
0.6,4,60,18.40,3.149053936,5.64,1.98,0.01379,5.244387356
0.6,4,60,23.00,4.469111899,5.64,2.81,0.01379,3.237898567
0.6,4,60,27.60,6.075447493,5.64,3.82,0.01379,2.109925302
0.6,4,60,32.30,7.252366641,5.64,4.56,0.01379,1.446838478
0.6,6,60,4.60,0,5.64,0.00,0.01378998,86.83172108
0.6,6,60,9.20,0,5.64,0.00,0.01378998,21.70793027
0.6,6,60,13.80,0,5.64,0.00,0.01378998,9.647969009
0.6,6,60,18.40,0.565486678,5.64,0.80,0.01378998,5.397174146
0.6,6,60,23.00,1.307687942,5.64,1.85,0.01378998,3.371249521
0.6,6,60,27.60,1.908517537,5.64,1.20,0.01378998,2.382183831
0.6,6,60,31.50,2.481072798,5.64,1.56,0.01378998,1.813035646
1.666666667,1,10,1.6,0.763407015,0.540,0.48,0.00255,19.89720182
1.666666667,1,10,3.2,2.94229787,0.540,1.85,0.00255,4.837757695
1.666666667,1,10,4.8,5.884595739,0.540,3.70,0.00255,1.954916971
1.666666667,1,10,6.4,10.52865508,0.540,6.62,0.00255,0.777389443
1.666666667,1,10,8.0,14.12302977,0.540,8.88,0.00255,0.257782724
1.666666667,1,10,9.6,18.06729935,0.540,11.36,0.00255,-0.059552044
1.666666667,1,10,9.8,18.54442874,0.540,11.66,0.00255,-0.088642962
1.666666667,2,10,1.6,1.574526968,0.540,0.99,0.00255,19.76892751
1.666666667,2,10,3.2,4.373686022,0.540,2.75,0.00255,4.660668309
1.666666667,2,10,4.8,8.413381476,0.540,5.29,0.00255,1.683168888
1.666666667,2,10,6.4,17.39931821,0.540,10.94,0.00255,-0.033833936
1.666666667,2,10,8.0,21.47082229,0.540,13.50,0.00255,-0.449860304
1.666666667,2,10,9.6,28.34148543,0.540,17.82,0.00255,-0.955468447
1.666666667,2,10,9.8,28.96175362,0.540,18.21,0.00255,-0.980954522
1.666666667,4,10,1.6,0,0.540,0.00,0.00255,19.93662346
1.666666667,4,10,3.2,5.232518914,0.540,3.29,0.00255,4.52115267
1.666666667,4,10,4.8,10.9262629,0.540,6.87,0.00255,1.317910384
1.666666667,4,10,6.4,19.08517537,0.540,12.00,0.00255,-0.29386874
1.666666667,4,10,8.0,27.30770509,0.540,17.17,0.00255,-1.22021727
1.666666667,4,10,9.6,39.90392084,0.540,25.09,0.00255,-2.438131985
1.666666667,4,10,9.8,40.93770117,0.540,25.74,0.00255,-2.490318053
1.666666667,6,10,1.6,0,0.540,0.00,0.00255,19.93662346
1.666666667,6,10,3.2,4.214642894,0.540,2.65,0.00255,4.683766924
1.666666667,6,10,4.8,9.90838688,0.540,6.23,0.00255,1.477300337
1.666666667,6,10,6.4,18.03549073,0.540,11.34,0.00255,-0.129137113
1.666666667,6,10,8.0,27.80073879,0.540,17.48,0.00255,-1.293732464
1.666666667,6,10,9.6,37.82045586,0.540,23.78,0.00255,-2.133859055
1.666666667,6,10,9.8,38.488437,0.540,24.20,0.00255,-2.139558704
1.666666667,1,15,1.9,0,0.810,0.00,0.00373,31.81023577
1.666666667,1,15,3.8,2.815063367,0.810,1.77,0.00373,7.738736145
1.666666667,1,15,5.7,5.057571473,0.810,3.18,0.00373,3.227724438
1.666666667,1,15,7.6,8.461094414,0.810,5.32,0.00373,1.505224679
1.666666667,1,15,9.5,13.32781413,0.810,8.38,0.00373,0.505550476
1.666666667,1,15,11.4,17.11304058,0.810,10.76,0.00373,0.005627788
1.666666667,1,15,13.3,21.02550153,0.810,13.22,0.00373,-0.324531973
1.666666667,2,15,1.9,0,0.810,0.00,0.00373,31.81023577
1.666666667,2,15,3.8,5.057571473,0.810,3.18,0.00373,7.262379987
1.666666667,2,15,5.7,12.13499067,0.810,7.63,0.00373,1.768538419
1.666666667,2,15,7.6,17.31979665,0.810,10.89,0.00373,-0.035360416
1.666666667,2,15,9.5,23.18848808,0.810,14.58,0.00373,-1.048950607
1.666666667,2,15,11.4,29.62973476,0.810,18.63,0.00373,-1.74841136
1.666666667,2,15,13.3,36.40497202,0.810,22.89,0.00373,-2.270005596
1.666666667,4,15,1.9,0,0.810,0.00,0.00373,31.81023577
1.666666667,4,15,3.8,4.707676591,0.810,2.96,0.00373,7.354573109
1.666666667,4,15,5.7,12.1667993,0.810,7.65,0.00373,1.75926845
1.666666667,4,15,7.6,20.96188428,0.810,13.18,0.00373,-0.975860967
1.666666667,4,15,9.5,29.64563908,0.810,18.64,0.00373,-2.521782288
1.666666667,4,15,11.4,35.24395718,0.810,22.16,0.00373,-2.840337781
1.666666667,4,15,13.3,43.97542492,0.810,27.65,0.00373,-3.610341263
1.666666667,6,15,1.9,0,0.810,0.00,0.00373002,31.81023577
1.666666667,6,15,3.8,4.532729151,0.810,2.85,0.00373002,7.398192168
1.666666667,6,15,5.7,8.985936737,0.810,5.65,0.00373002,2.566144067
1.666666667,6,15,7.6,18.57623736,0.810,11.68,0.00373002,-0.339593285
1.666666667,6,15,9.5,26.30573339,0.810,16.54,0.00373002,-1.715025579
1.666666667,6,15,11.4,33.62171728,0.810,21.14,0.00373002,-2.505408565
1.666666667,6,15,13.3,42.27366345,0.810,26.58,0.00373002,-3.287049406
1.666666667,1,20,2.3,0,1.080,0.00,0.00484,38.59187603
1.666666667,1,20,4.6,2.115273604,1.080,1.33,0.00484,9.501502018
1.666666667,1,20,6.9,4.24645152,1.080,2.67,0.00484,4.025638997
1.666666667,1,20,9.2,6.950184697,1.080,4.37,0.00484,2.016680834
1.666666667,1,20,11.5,10.51275077,1.080,6.61,0.00484,0.964833918
1.666666667,1,20,13.8,15.3953748,1.080,9.68,0.00484,0.20992229
1.666666667,1,20,17.3,25.22424011,1.080,15.86,0.00484,-0.790419523
1.666666667,2,20,2.3,0.90654583,1.080,0.57,0.00484,38.48426763
1.666666667,2,20,4.6,3.546661756,1.080,2.23,0.00484,9.236207068
1.666666667,2,20,6.9,8.190721097,1.080,5.15,0.00484,3.311944428
1.666666667,2,20,9.2,13.2801012,1.080,8.35,0.00484,0.968716099
1.666666667,2,20,11.5,24.93796248,1.080,15.68,0.00484,-1.713556079
1.666666667,2,20,13.8,34.21017685,1.080,21.51,0.00484,-3.184720538
1.666666667,2,20,17.4,47.23580904,1.080,29.70,0.00484,-4.430356863
1.666666667,4,20,2.3,1.192823461,1.080,0.75,0.00484,38.4055734
1.666666667,4,20,4.6,4.389590335,1.080,2.76,0.00484,9.017222812
1.666666667,4,20,6.9,9.097266927,1.080,5.72,0.00484,3.083932085
1.666666667,4,20,9.2,17.03351902,1.080,10.71,0.00484,0.037583817
1.666666667,4,20,11.5,28.35738974,1.080,17.83,0.00484,-2.668041604
1.666666667,4,20,13.8,36.10279008,1.080,22.70,0.00484,-3.66873846
1.666666667,4,20,17.0,44.51617155,1.080,27.99,0.00484,-4.043228513
1.666666667,6,20,2.3,0,1.080,0.00,0.00484002,38.59187603
1.666666667,6,20,4.6,3.944269577,1.080,2.48,0.00484002,9.13870869
1.666666667,6,20,6.9,8.270242661,1.080,5.20,0.00484002,3.292900159
1.666666667,6,20,9.2,15.50670499,1.080,9.75,0.00484002,0.444170684
1.666666667,6,20,11.5,24.25407703,1.080,15.25,0.00484002,-1.537356513
1.666666667,6,20,13.8,24.52445035,1.080,15.42,0.00484002,-1.115577248
1.666666667,6,20,16.9,34.43283723,1.080,21.65,0.00484002,-2.160585777
1.666666667,1,30,3.3,0.636172512,1.620,0.40,0.00691,42.12204392
1.666666667,1,30,6.6,2.481072798,1.620,1.56,0.00691,10.32475103
1.666666667,1,30,9.9,5.836882801,1.620,3.67,0.00691,4.144915779
1.666666667,1,30,13.2,12.07137342,1.620,7.59,0.00691,1.332869848
1.666666667,1,30,16.5,19.27602712,1.620,12.12,0.00691,-0.439823585
1.666666667,1,30,19.8,25.16062286,1.620,15.82,0.00691,-1.344951977
1.666666667,1,30,23.1,33.2718224,1.620,20.92,0.00691,-2.372395493
1.666666667,2,30,3.3,1.065588958,1.620,0.67,0.00691,42.01746255
1.666666667,2,30,6.6,4.35778171,1.620,2.74,0.00691,9.865555925
1.666666667,2,30,9.9,10.22647314,1.620,6.43,0.00691,3.02368574
1.666666667,2,30,13.2,19.26012281,1.620,12.11,0.00691,-0.681742337
1.666666667,2,30,16.5,27.75302585,1.620,17.45,0.00691,-2.721979453
1.666666667,2,30,19.8,36.19821595,1.620,22.76,0.00691,-4.037267597
1.666666667,2,30,23.1,43.54600847,1.620,27.38,0.00691,-4.67749855
1.666666667,4,30,3.3,1.208727773,1.620,0.76,0.00691,41.97087335
1.666666667,4,30,6.6,4.007886828,1.620,2.52,0.00691,9.970282093
1.666666667,4,30,9.9,8.270242661,1.620,5.20,0.00691,3.599058232
1.666666667,4,30,13.2,15.31585323,1.620,9.63,0.00691,0.538084028
1.666666667,4,30,16.5,21.18454466,1.620,13.32,0.00691,-0.8818672
1.666666667,4,30,19.8,26.70334121,1.620,16.79,0.00691,-1.66302498
1.666666667,4,30,23.5,34.70321055,1.620,21.82,0.00691,-2.566904897
1.666666667,6,30,3.3,0,1.620,0.00,0.00691002,42.17996368
1.666666667,6,30,6.6,3.578470382,1.620,2.25,0.00691002,10.08683656
1.666666667,6,30,9.9,7.36369683,1.620,4.63,0.00691002,3.824426435
1.666666667,6,30,13.2,12.96201494,1.620,8.15,0.00691002,1.133444871
1.666666667,6,30,16.5,13.12105807,1.620,8.25,0.00691002,0.701657615
1.666666667,6,30,19.8,20.3575204,1.620,12.80,0.00691002,-0.475829764
1.666666667,6,30,23.5,24.11093822,1.620,15.16,0.00691002,-0.808819085
1.666666667,1,40,3.9,0,2.160,0.00,0.00878,53.68863227
1.666666667,1,40,7.8,2.147082229,2.160,1.35,0.00878,13.21222036
1.666666667,1,40,11.7,4.564537776,2.160,2.87,0.00878,5.543703004
1.666666667,1,40,15.6,8.127103845,2.160,5.11,0.00878,2.603562211
1.666666667,1,40,19.5,13.86856077,2.160,8.72,0.00878,0.746100873
1.666666667,1,40,23.4,19.75315651,2.160,12.42,0.00878,-0.482996665
1.666666667,1,40,26.8,23.80875627,2.160,14.97,0.00878,-1.049733014
1.666666667,2,40,3.9,1.033780333,2.160,0.65,0.00878,53.49395752
1.666666667,2,40,7.8,3.435331567,2.160,2.16,0.00878,12.88471752
1.666666667,2,40,11.7,7.681783087,2.160,4.83,0.00878,4.771045185
1.666666667,2,40,15.6,14.12302977,2.160,8.88,0.00878,1.084687333
1.666666667,2,40,19.5,20.18257295,2.160,12.69,0.00878,-0.820470125
1.666666667,2,40,23.4,25.35147462,2.160,15.94,0.00878,-1.760697875
1.666666667,2,40,26.8,30.12276846,2.160,18.94,0.00878,-2.363326056
1.666666667,4,40,3.9,0.954258769,2.160,0.60,0.00878,53.52275556
1.666666667,4,40,7.8,3.753417823,2.160,2.36,0.00878,12.78058381
1.666666667,4,40,11.7,8.015773656,2.160,5.04,0.00878,4.664930166
1.666666667,4,40,15.6,12.11908636,2.160,7.62,0.00878,1.68339859
1.666666667,4,40,19.5,14.29797722,2.160,8.99,0.00878,0.657970576
1.666666667,4,40,23.4,18.79889774,2.160,11.82,0.00878,-0.296846133
1.666666667,4,40,26.9,23.20439239,2.160,14.59,0.00878,-0.933151156
1.666666667,6,40,3.9,0.922450143,2.160,0.58,0.00877998,53.5336297
1.666666667,6,40,7.8,3.578470382,2.160,2.25,0.00877998,12.83899775
1.666666667,6,40,11.7,6.695715693,2.160,4.21,0.00877998,5.057991417
1.666666667,6,40,15.6,8.922319486,2.160,5.61,0.00877998,2.449204715
1.666666667,6,40,19.5,9.924291193,2.160,6.24,0.00877998,1.429896285
1.666666667,6,40,23.4,14.21845565,2.160,8.94,0.00877998,0.46839843
1.666666667,6,40,26.7,16.87447589,2.160,10.61,0.00877998,0.038808306
1.666666667,1,60,4.6,0,3.240,0.00,0.01205,86.83172108
1.666666667,1,60,9.2,1.033780333,3.240,0.65,0.01205,21.62921741
1.666666667,1,60,13.8,3.324001377,3.240,2.09,0.01205,9.286285216
1.666666667,1,60,18.4,6.584385503,3.240,4.14,0.01205,4.628694412
1.666666667,1,60,23.0,10.48094214,3.240,6.59,0.01205,2.178745738
1.666666667,1,60,27.6,14.79101091,3.240,9.30,0.01205,0.621623943
1.666666667,1,60,32.6,18.78299343,3.240,11.81,0.01205,-0.340614317
1.666666667,2,60,4.6,0,3.240,0.00,0.01205,86.83172108
1.666666667,2,60,9.2,2.194795168,3.240,1.38,0.01205,21.35313553
1.666666667,2,60,13.8,4.262355833,3.240,2.68,0.01205,9.053257882
1.666666667,2,60,18.4,7.029706261,3.240,4.42,0.01205,4.517061874
1.666666667,2,60,23.0,8.874606547,3.240,5.58,0.01205,2.545141912
1.666666667,2,60,27.6,12.08727773,3.240,7.60,0.01205,1.21634335
1.666666667,2,60,32.5,13.96398665,3.240,8.78,0.01205,0.588666358
1.666666667,4,60,4.6,0,3.240,0.00,0.01205,86.83172108
1.666666667,4,60,9.2,1.717665783,3.240,1.08,0.01205,21.49062688
1.666666667,4,60,13.8,3.133149623,3.240,1.97,0.01205,9.326625946
1.666666667,4,60,18.4,3.292192751,3.240,2.07,0.01205,5.227410529
1.666666667,4,60,23.0,3.721609197,3.240,2.34,0.01205,3.310049851
1.666666667,4,60,27.6,4.75538953,3.240,2.99,0.01205,2.226929566
1.666666667,4,60,32.5,6.027734555,3.240,3.79,0.01205,1.525071415
1.666666667,6,60,4.6,0,3.240,0.00,0.01204998,86.83172108
1.666666667,6,60,9.2,0,3.240,0.00,0.01204998,21.70793027
1.666666667,6,60,13.8,0.332223423,3.240,0.47,0.01204998,9.62967823
1.666666667,6,60,18.4,0.720995514,3.240,1.02,0.01204998,5.378525252
1.666666667,6,60,23.0,0.874737204,3.240,0.55,0.01204998,3.464251796
1.666666667,6,60,27.6,1.510909717,3.240,0.95,0.01204998,2.393310238
1.666666667,6,60,32.0,1.590431281,3.240,1.00,0.01204998,1.778897034
1,1,10,1.8,0,5.8785,0.00,0.00554251,16.15389233
1,1,10,3.6,2.576498675,5.8785,1.62,0.00554251,3.947513639
1,1,10,5.4,5.327944791,5.8785,3.35,0.00554251,1.622004843
1,1,10,7.2,10.73541115,5.8785,6.75,0.00554251,0.614829016
1,1,10,9.0,25.92402988,5.8785,16.30,0.00554251,-0.827218167
1,1,10,10.8,33.71714315,5.8785,21.20,0.00554251,-1.282081147
1,1,10,12.5,40.07886828,5.8785,25.20,0.00554251,-1.490625318
1,2,10,1.8,0.779311328,5.8785,0.49,0.0055425,16.1206057
1,2,10,3.6,4.151025643,5.8785,2.61,0.0055425,3.802371563
1,2,10,5.4,9.781152377,5.8785,6.15,0.0055425,1.2122568
1,2,10,7.2,18.30586404,5.8785,11.51,0.0055425,-0.138293277
1,2,10,9.0,36.42087633,5.8785,22.90,0.0055425,-2.261940155
1,2,10,10.8,50.25762848,5.8785,31.60,0.0055425,-3.396750744
1,2,10,12.5,58.92547896,5.8785,37.05,0.0055425,-3.611233588
1,4,10,1.8,0.954258769,5.8785,0.60,0.00554252,16.10398317
1,4,10,3.6,4.341877397,5.8785,2.73,0.00554252,3.780161987
1,4,10,5.4,12.86658906,5.8785,8.09,0.00554252,0.786710352
1,4,10,7.2,24.34950291,5.8785,15.31,0.00554252,-1.021373478
1,4,10,9.0,35.91193832,5.8785,22.58,0.00554252,-2.181233716
1,4,10,10.8,48.63538857,5.8785,30.58,0.00554252,-3.152505481
1,4,10,12.4,57.52589943,5.8785,36.17,0.00554252,-3.481482872
1,6,10,1.8,1.176919148,5.8785,0.74,0.0055425,16.07797496
1,6,10,3.6,4.898528345,5.8785,3.08,0.0055425,3.709682628
1,6,10,5.4,12.75525887,5.8785,8.02,0.0055425,0.804081512
1,6,10,7.2,25.0811013,5.8785,15.77,0.0055425,-1.145252173
1,6,10,9.0,37.04114453,5.8785,23.29,0.0055425,-2.361836666
1,6,10,10.8,48.55586701,5.8785,30.53,0.0055425,-3.140738704
1,6,10,12.4,51.657208,5.8785,32.48,0.0055425,-2.741458014
1,1,15,2.5,0,6.5610,0.00,0.00665307,18.84190002
1,1,15,5.0,2.496977111,6.5610,1.57,0.00665307,4.610827923
1,1,15,7.5,5.566509483,6.5610,3.50,0.00665307,1.87344505
1,1,15,10.0,11.56243541,6.5610,7.27,0.00665307,0.643455372
1,1,15,12.5,15.82479124,6.5610,9.95,0.00665307,0.113305343
1,1,15,15.0,23.53838296,6.5610,14.80,0.00665307,-0.460503106
1,1,15,17.7,32.14261619,6.5610,20.21,0.00665307,-0.941735899
1,2,15,2.5,0.683885451,6.5610,0.43,0.00665308,18.81200064
1,2,15,5.0,6.600289816,6.5610,4.15,0.00665308,4.014230992
1,2,15,7.5,17.90825622,6.5610,11.26,0.00665308,-0.184486098
1,2,15,10.0,28.19834661,6.5610,17.73,0.00665308,-1.999421813
1,2,15,12.5,34.60778467,6.5610,21.76,0.00665308,-2.309014029
1,2,15,15.0,41.92376856,6.5610,26.36,0.00665308,-2.597756281
1,2,15,17.7,52.85003146,6.5610,33.23,0.00665308,-3.186321588
1,4,15,2.5,1.129206209,6.5610,0.71,0.00665308,18.76038418
1,4,15,5.0,6.918376072,6.5610,4.35,0.00665308,3.945506078
1,4,15,7.5,18.32176836,6.5610,11.52,0.00665308,-0.290902809
1,4,15,10.0,25.92402988,6.5610,16.30,0.00665308,-1.507605109
1,4,15,12.5,35.387096,6.5610,22.25,0.00665308,-2.448500701
1,4,15,15.0,42.7189842,6.5610,26.86,0.00665308,-2.717283728
1,4,15,17.7,52.67508402,6.5610,33.12,0.00665308,-3.162776931
1,6,15,2.5,1.272345025,6.5610,0.80,0.0066531,18.73840838
1,6,15,5.0,5.852787114,6.5610,3.68,0.0066531,4.163004259
1,6,15,7.5,16.95399745,6.5610,10.66,0.0066531,0.0518198
1,6,15,10.0,23.68152177,6.5610,14.89,0.0066531,-1.063137849
1,6,15,12.5,32.36527657,6.5610,20.35,0.0066531,-1.924962395
1,6,15,15.0,38.36120249,6.5610,24.12,0.0066531,-2.089842338
1,6,15,17.6,45.61356914,6.5610,28.68,0.0066531,-2.303555111
1,1,20,2.8,0,7.0444,0.00,0.00757704,26.70337305
1,1,20,5.6,2.178890855,7.0444,1.37,0.00757704,6.568308757
1,1,20,8.4,5.232518914,7.0444,3.29,0.00757704,2.691418114
1,1,20,11.2,10.1787602,7.0444,6.40,0.00757704,1.082273546
1,1,20,14.0,16.58819826,7.0444,10.43,0.00757704,0.070904985
1,1,20,16.8,24.06322528,7.0444,15.13,0.00757704,-0.71551645
1,1,20,20.1,33.71714315,7.0444,21.20,0.00757704,-1.480576669
1,2,20,2.8,0.90654583,7.0444,0.57,0.00757704,26.62891419
1,2,20,5.6,4.023791141,7.0444,2.53,0.00757704,6.309112155
1,2,20,8.4,8.747372045,7.0444,5.50,0.00757704,2.19675977
1,2,20,11.2,14.99776698,7.0444,9.43,0.00757704,0.395252154
1,2,20,14.0,25.11290993,7.0444,15.79,0.00757704,-1.217416258
1,2,20,16.8,37.56598685,7.0444,23.62,0.00757704,-2.809839129
1,2,20,20.0,48.14235487,7.0444,30.27,0.00757704,-3.592350865
1,4,20,2.8,1.033780333,7.0444,0.65,0.00757704,26.60654673
1,4,20,5.6,4.230547207,7.0444,2.66,0.00757704,6.27045611
1,4,20,8.4,8.826893609,7.0444,5.55,0.00757704,2.182690989
1,4,20,11.2,16.39734651,7.0444,10.31,0.00757704,0.146437166
1,4,20,14.0,25.43099618,7.0444,15.99,0.00757704,-1.275681637
1,4,20,16.8,31.44282642,7.0444,19.77,0.00757704,-1.746395245
1,4,20,20.0,45.51814326,7.0444,28.62,0.00757704,-3.155887025
1,6,20,2.8,1.145110522,7.0444,0.72,0.00757704,26.58456888
1,6,20,5.6,3.896556638,7.0444,2.45,0.00757704,6.331937957
1,6,20,8.4,9.367640244,7.0444,5.89,0.00757704,2.08364677
1,6,20,11.2,16.03154731,7.0444,10.08,0.00757704,0.213609707
1,6,20,14.0,19.22831419,7.0444,12.09,0.00757704,-0.271786383
1,6,20,16.8,26.17849888,7.0444,16.46,0.00757704,-0.98298053
1,6,20,20.1,35.80060813,7.0444,22.51,0.00757704,-1.735226123
1,1,30,3.6,0,7.6656,0.00,0.00910836,36.34625774
1,1,30,7.2,2.21069948,7.6656,1.39,0.00910836,8.93589336
1,1,30,10.8,5.312040478,7.6656,3.34,0.00910836,3.651829592
1,1,30,14.4,9.892482567,7.6656,6.22,0.00910836,1.517381129
1,1,30,18.0,15.96793006,7.6656,10.04,0.00910836,0.196119512
1,1,30,21.6,23.31572258,7.6656,14.66,0.00910836,-0.852579139
1,1,30,25.6,32.66745851,7.6656,20.54,0.00910836,-1.883711527
1,2,30,3.6,0.858832892,7.6656,0.54,0.00910836,36.2552983
1,2,30,7.2,3.212671187,7.6656,2.02,0.00910836,8.768362347
1,2,30,10.8,7.761304651,7.6656,4.88,0.00910836,3.213086484
1,2,30,14.4,11.97594755,7.6656,7.53,0.00910836,1.16621365
1,2,30,18.0,19.48278319,7.6656,12.25,0.00910836,-0.418523023
1,2,30,21.6,26.25802045,7.6656,16.51,0.00910836,-1.352229618
1,2,30,25.7,36.32545046,7.6656,22.84,0.00910836,-2.479764638
1,4,30,3.6,0.986067394,7.6656,0.62,0.00910836,36.22635098
1,4,30,7.2,3.991982515,7.6656,2.51,0.00910836,8.595263342
1,4,30,10.8,9.415353183,7.6656,5.92,0.00910836,2.823795036
1,4,30,14.4,15.57032224,7.6656,9.79,0.00910836,0.403086996
1,4,30,18.0,20.32571177,7.6656,12.78,0.00910836,-0.584045505
1,4,30,21.6,23.82466059,7.6656,14.98,0.00910836,-0.934762889
1,4,30,25.5,30.83846254,7.6656,19.39,0.00910836,-1.61303051
1,6,30,3.6,0.636172512,7.6656,0.40,0.00910836,36.29634858
1,6,30,7.2,4.166929956,7.6656,2.62,0.00910836,8.5512575
1,6,30,10.8,7.936252092,7.6656,4.99,0.00910836,3.175457057
1,6,30,14.4,10.29009039,7.6656,6.47,0.00910836,1.455530813
1,6,30,18.0,12.19860792,7.6656,7.67,0.00910836,0.719825063
1,6,30,21.6,16.47686807,7.6656,10.36,0.00910836,0.079630391
1,6,30,25.5,21.16864035,7.6656,13.31,0.00910836,-0.376979906
1,1,40,4.1,0,7.9886,0.00,0.01038986,49.8166436
1,1,40,8.2,2.290221044,7.9886,1.44,0.01038986,12.23252504
1,1,40,12.3,5.280231853,7.9886,3.32,0.01038986,5.011571699
1,1,40,16.4,12.05546911,7.9886,7.58,0.01038986,1.578239452
1,1,40,20.5,19.08517537,7.9886,12.00,0.01038986,-0.469954943
1,1,40,24.6,28.5641458,7.9886,17.96,0.01038986,-2.446966637
1,1,40,29.3,36.80257984,7.9886,23.14,0.01038986,-3.507189394
1,2,40,4.1,0.636172512,7.9886,0.40,0.01038986,49.74823747
1,2,40,8.2,3.149053936,7.9886,1.98,0.01038986,12.0351306
1,2,40,12.3,6.488959626,7.9886,4.08,0.01038986,4.744407757
1,2,40,16.4,12.23041655,7.9886,7.69,0.01038986,1.533355945
1,2,40,20.5,19.8644867,7.9886,12.49,0.01038986,-0.675175044
1,2,40,24.6,24.44492879,7.9886,15.37,0.01038986,-1.421768952
1,2,40,29.4,29.58202182,7.9886,18.60,0.01038986,-1.907733742
1,4,40,4.1,0.636172512,7.9886,0.40,0.01038988,49.74823747
1,4,40,8.2,3.117245311,7.9886,1.96,0.01038988,12.0435531
1,4,40,12.3,6.441246688,7.9886,4.05,0.01038988,4.755994045
1,4,40,16.4,10.94216721,7.9886,6.88,0.01038988,1.848710878
1,4,40,20.5,11.75328717,7.9886,7.39,0.01038988,1.058715138
1,4,40,24.6,13.64590039,7.9886,8.58,0.01038988,0.509522558
1,4,40,29.5,19.45097457,7.9886,12.23,0.01038988,-0.272968166
1,6,40,4.1,0,7.9886,0.00,0.01038984,49.8166436
1,6,40,8.2,2.115273604,7.9886,1.33,0.01038984,12.26509277
1,6,40,12.3,3.33990569,7.9886,2.10,0.01038984,5.325688848
1,6,40,16.4,3.880652325,7.9886,2.44,0.01038984,2.954453218
1,6,40,20.5,7.268270954,7.9886,4.57,0.01038984,1.635501947
1,6,40,24.6,9.558491998,7.9886,6.01,0.01038984,0.954831026
1,6,40,29.1,13.23238826,7.9886,8.32,0.01038984,0.401414713
1,1,60,4.7,0,7.9886,0.00,0.01253502,85.29606162
1,1,60,9.4,1.622239906,7.9886,1.02,0.01253502,21.13361411
1,1,60,14.1,4.310068771,7.9886,2.71,0.01253502,8.879994637
1,1,60,18.8,7.300079579,7.9886,4.59,0.01253502,4.367097274
1,1,60,23.5,10.83083702,7.9886,6.81,0.01253502,2.053892493
1,1,60,28.2,15.25223598,7.9886,9.59,0.01253502,0.499237462
1,1,60,33.3,16.39734651,7.9886,10.31,0.01253502,0.149087559
1,2,60,4.7,0.636172512,7.9886,0.40,0.01253502,85.17893664
1,2,60,9.4,1.733570096,7.9886,1.09,0.01253502,21.10658386
1,2,60,14.1,4.564537776,7.9886,2.87,0.01253502,8.807377148
1,2,60,18.8,6.759332944,7.9886,4.25,0.01253502,4.504609323
1,2,60,23.5,8.286146973,7.9886,5.21,0.01253502,2.617029407
1,2,60,28.2,10.71950683,7.9886,6.74,0.01253502,1.445601218
1,2,60,33.3,12.24632086,7.9886,7.70,0.01253502,0.834561618
1,4,60,4.7,0,7.9886,0.00,0.01253504,85.29606162
1,4,60,9.4,0,7.9886,0.00,0.01253504,21.32401541
1,4,60,14.1,0.636172512,7.9886,0.40,0.01253504,9.464326293
1,4,60,18.8,1.669952845,7.9886,1.05,0.01253504,5.280562331
1,4,60,23.5,2.242508106,7.9886,1.41,0.01253504,3.353628421
1,4,60,28.2,3.276288439,7.9886,2.06,0.01253504,2.283044841
1,4,60,33.3,3.514853131,7.9886,2.21,0.01253504,1.627944459
1,6,60,4.7,0,7.9886,0.00,0.01253502,85.29606162
1,6,60,9.4,0,7.9886,0.00,0.01253502,21.32401541
1,6,60,14.1,0,7.9886,0.00,0.01253502,9.47734018
1,6,60,18.8,0,7.9886,0.00,0.01253502,5.331003851
1,6,60,23.5,0,7.9886,0.00,0.01253502,3.411842465
1,6,60,28.2,0,7.9886,0.00,0.01253502,2.369335045
1,6,60,33.3,0,7.9886,0.00,0.01253502,1.699167637
