AR,L,phi,QW,Qa,h,Va,R,sigma,gbm,xgb,rf,catb,xrt
0.6,4,20,13.8,31.99947737,1.88,20.12,0.00697,-2.652348572,-2.625628916784978,-1.8055838,-2.4605301815946166,-2.6584835016755157,-2.5793924862330067
1.0,6,30,7.2,4.166929956,7.6656,2.62,0.00910836,8.5512575,8.524339856352205,8.2087755,8.438880017540674,8.556667916052682,8.518850371301065
0.6,4,10,3.2,4.007886828,0.94,2.52,0.004,4.712516145,4.774892855728625,4.7308574,4.856676725962126,4.734765926942799,4.710889479127032
1.666666667,4,60,18.4,3.292192751,3.24,2.07,0.01205,5.227410529,5.220242049144389,5.210557,5.468329589020354,5.193445250512951,5.229596097233002
1.0,6,15,10.0,23.68152177,6.561,14.89,0.0066531,-1.063137849,-1.0731873389433324,-1.1184766,-0.9947500942919388,-1.1185496069728398,-1.0464618504439978
0.6,4,10,9.6,35.40300031,0.94,22.26,0.004,-1.801254199,-1.8297980924973283,-1.7444334,-1.8634516237977197,-1.8454859694972985,-1.7732613344741786
1.666666667,4,60,13.8,3.133149623,3.24,1.97,0.01205,9.326625946,9.35702293651781,9.050202,9.394025298247442,9.379839823839399,9.276267698613582
1.666666667,6,60,27.6,1.510909717,3.24,0.95,0.01204998,2.393310238,2.3713018007909934,2.520318,4.03796581795367,2.3940881089448363,2.468461277240002
0.6,1,20,2.3,0.0,1.88,0.0,0.00697,38.59187603,38.57798790898848,38.101345,36.163457649873486,38.50349213217217,38.50394418145984
1.0,1,10,5.4,5.327944791,5.8785,3.35,0.00554251,1.622004843,1.6387597019648374,2.0479727,2.0699566547066546,1.6811412074205832,1.6909521199130073
1.0,4,20,8.4,8.826893609,7.0444,5.55,0.00757704,2.182690989,2.1908310369015522,2.1946979,2.2712928468636346,2.186750491425344,2.1896644754995065
1.666666667,6,60,23.0,0.874737204,3.24,0.55,0.01204998,3.464251796,3.479795645532158,3.8100376,5.216329967406349,3.468501625004749,3.609225316547996
1.666666667,2,10,9.8,28.96175362,0.54,18.21,0.00255,-0.980954522,-1.00370244423849,-1.5709498,-1.184858118615106,-0.9821233193184824,-0.9750586007139931
1.666666667,1,20,9.2,6.950184697,1.08,4.37,0.00484,2.016680834,1.9851208719210058,1.9203125,2.0027933647629106,1.9694952442403864,1.9749679728260032
1.0,1,30,25.6,32.66745851,7.6656,20.54,0.00910836,-1.883711527,-1.855473100567753,-1.8322287,-1.7581711939265867,-1.8243009147350229,-1.8770480181479943
1.666666667,2,10,9.6,28.34148543,0.54,17.82,0.00255,-0.955468447,-0.9875269266349526,-1.5709498,-1.089905405409888,-1.0540586204286786,-0.9692425705219929
0.6,6,10,8.0,27.16456628,0.94,17.08,0.00400002,-1.199120535,-1.2045901562274988,-1.0612682,-1.2439509849849737,-1.1000534285326697,-1.2060274024080064
1.666666667,6,60,4.6,0.0,3.24,0.0,0.01204998,86.83172108,86.82732369117397,86.41738,85.42060676589124,86.73896086832843,86.82864976108078
1.666666667,4,20,2.3,1.192823461,1.08,0.75,0.00484,38.4055734,38.39945194392221,38.395103,35.56651465574508,38.420250961732904,38.50659751753003
1.666666667,4,20,17.0,44.51617155,1.08,27.99,0.00484,-4.043228513,-4.0608982690937045,-4.1366267,-4.026798078507038,-4.016928133935485,-4.034464557934008
1.666666667,6,20,13.8,24.52445035,1.08,15.42,0.00484002,-1.115577248,-1.1542233306076137,-1.5890509,-1.2387538090713182,-1.241054488830251,-1.1707296719733336
1.0,6,20,14.0,19.22831419,7.0444,12.09,0.00757704,-0.271786383,-0.2878432278917651,-0.12107279,-0.34716594207395,-0.29204413803875795,-0.2842304454880014
0.6,1,40,23.4,14.80691522,3.76,9.31,0.00926,0.381972312,0.3949380950916736,0.38548088,0.44046463853248935,0.3081267970937631,0.3964240916764999
0.6,4,15,1.9,0.0,1.41,0.0,0.00571,31.81023577,31.79505656629271,31.797861,31.327933773389837,31.760975323165837,31.810235770000407
1.666666667,2,60,32.5,13.96398665,3.24,8.78,0.01205,0.588666358,0.5730778339111371,0.6869127,0.6193173349080615,0.6246420844025673,0.5984641716643326
1.0,2,10,7.2,18.30586404,5.8785,11.51,0.0055425,-0.138293277,-0.17891931424477045,0.024383059,-0.15725770232603586,-0.31675589788038394,-0.1369409583543333
1.666666667,4,10,1.6,0.0,0.54,0.0,0.00255,19.93662346,19.943375338957594,20.053814,20.0914139368633,20.037893873425183,19.936623460000146
0.6,4,60,9.2,0.282743339,5.64,0.4,0.01379,21.67812185,21.69558624316277,22.180515,22.633611047880056,21.703120346314837,21.645655574366018
1.666666667,1,40,3.9,0.0,2.16,0.0,0.00878,53.68863227,53.681105817301415,53.335827,53.64358120092647,53.755695801654376,53.65395126166026
0.6,4,40,3.9,0.0,3.76,0.0,0.00926,53.68863227,53.717272903477564,53.79544,53.668784577347566,53.7251649721374,53.688632270000255
1.0,1,40,4.1,0.0,7.9886,0.0,0.01038986,49.8166436,49.78712009184487,49.897118,50.410559900778686,49.95726529354866,49.7967374161699
0.6,1,15,7.6,5.407466355,1.41,3.4,0.00571,1.790895048,1.7802310853453565,1.8229271,1.9819651801281861,1.7599934428339532,1.8126524860303956
0.6,1,40,7.8,0.947190185,3.76,1.34,0.00926,13.21531902,13.205677473521474,13.060259,13.359968820825914,13.206887234592532,13.100348149063574
0.6,2,60,9.2,1.574526968,5.64,0.99,0.01379,21.52533506,21.500066398316775,21.349888,20.435524547972527,21.498398554230665,21.486897214889844
1.0,2,30,10.8,7.761304651,7.6656,4.88,0.00910836,3.213086484,3.253937492461496,3.3085947,3.2575521242189436,3.2743251409319223,3.221228972351799
1.0,2,20,5.6,4.023791141,7.0444,2.53,0.00757704,6.309112155,6.271214053366737,6.2408414,6.476688435914465,6.323577965674341,6.3318328306034095
0.6,1,20,4.6,1.52681403,1.88,0.96,0.00697,9.57165945,9.618455418832664,10.423064,11.702610331037043,9.61538116999028,9.861753184946988
1.666666667,6,10,9.6,37.82045586,0.54,23.78,0.00255,-2.133859055,-2.1562082819839112,-2.277195,-2.220010935778117,-2.207528249676308,-2.1486570156050018
0.6,6,10,6.4,17.43112684,0.94,10.96,0.00400002,-0.038517822,-0.04132425952468175,-0.16745508,-0.03794175309263145,-0.11037816205286433,-0.03860541505399979
0.6,4,10,6.4,18.43309855,0.94,11.59,0.004,-0.190439342,-0.16229718189185252,-0.16745508,-0.17186747012421075,-0.16246601969975316,-0.1872142599240002
1.666666667,4,40,15.6,12.11908636,2.16,7.62,0.00878,1.68339859,1.6662220782668278,1.7382917,1.530440531157844,1.8389968556417102,1.661041237377011
0.6,2,20,9.2,13.12105807,1.88,8.25,0.00697,1.003078585,0.9699725350484429,0.80090636,0.8884878595349768,1.077729378983319,0.9891496584045025
1.666666667,4,15,3.8,4.707676591,0.81,2.96,0.00373,7.354573109,7.342499123518021,7.4042153,6.43382607754578,7.202896904924858,7.194425020124831
1.0,2,20,14.0,25.11290993,7.0444,15.79,0.00757704,-1.217416258,-1.2154940382853923,-0.87595135,-1.2573180965393742,-1.2524128250032636,-1.2192238188345006
0.6,2,30,13.2,19.05336674,2.82,11.98,0.00926,-0.610887917,-0.5638266065250274,-0.07809769,-0.5350908721460902,-0.4457688831591895,-0.6191981531903336
0.6,4,60,4.6,0.0,5.64,0.0,0.01379,86.83172108,86.8233129036003,86.63785,86.62666329496912,86.84884191629506,86.83172108000079
1.0,4,30,25.5,30.83846254,7.6656,19.39,0.00910836,-1.61303051,-1.6194643440732652,-1.6240053,-1.7756145729399195,-1.6249789377221635,-1.6968942637130027
0.6,6,10,4.8,10.9262629,0.94,6.87,0.00400002,1.317910384,1.317789816235424,1.4070432,1.33435737559103,1.3577458833867393,1.3265259088230037
1.666666667,1,20,4.6,2.115273604,1.08,1.33,0.00484,9.501502018,9.485257471923253,9.270526,9.644854254917705,9.467120555205357,9.608909419674218
1.0,2,30,21.6,26.25802045,7.6656,16.51,0.00910836,-1.352229618,-1.3851160576716868,-1.4729201,-1.4496473726160433,-1.3886366243849668,-1.4064675444265005
1.0,6,30,21.6,16.47686807,7.6656,10.36,0.00910836,0.079630391,0.07400722351014097,-0.015941247,0.11733124375578982,-0.005800145371344989,0.08090092640399976
0.6,1,10,9.6,29.53430889,0.94,18.57,0.004,-1.085184283,-1.0588492741919635,-1.2327883,-1.1425877649377143,-1.1172876523917878,-1.090975168708995
0.6,1,40,19.5,9.51077906,3.76,5.98,0.00926,1.488454451,1.5165989770909012,1.6824132,1.7389492239893698,1.5330956814859924,1.5646008783458714
0.6,4,15,7.6,12.07137342,1.41,7.59,0.00571,1.005190626,1.0179450397910759,1.1313959,1.0957175661935132,1.0114056298176708,1.044016620354359
0.6,4,10,4.8,10.4332292,0.94,6.56,0.004,1.397059739,1.383158535228217,1.4070432,1.4488100289464856,1.36956568995104,1.401589543739
1.0,4,60,18.8,1.669952845,7.9886,1.05,0.01253504,5.280562331,5.301647979003977,5.358682,7.100927851347404,5.344486784270935,5.419610997566034
1.0,6,10,9.0,37.04114453,5.8785,23.29,0.0055425,-2.361836666,-2.338788161233555,-2.1468506,-2.2511094930560844,-2.348206421306095,-2.3079958993955096
0.6,1,10,6.4,16.68362414,0.94,10.49,0.004,0.069291758,0.03795235943175542,-0.019605668,0.06479555885473647,0.05752519870088424,0.06887531753466626
1.666666667,4,40,3.9,0.954258769,2.16,0.6,0.00878,53.52275556,53.53093211442419,53.583538,53.176351498463035,53.51583993780768,53.527002464600294
1.666666667,4,10,6.4,19.08517537,0.54,12.0,0.00255,-0.29386874,-0.3236332460352837,-0.27086502,-0.36974679362526136,-0.36908822149552734,-0.2945722496073321
0.6,1,20,11.5,7.125132138,1.88,4.48,0.00697,1.277778623,1.2665718524359857,1.661624,1.9705843623035513,1.3690523392766405,1.3209503741635036
0.6,6,30,19.8,17.94006485,2.82,11.28,0.00925998,-0.107781861,-0.08852029003497915,-0.12926543,-0.12880860497108754,-0.07898013353294608,-0.11719211947499963
1.666666667,2,60,27.6,12.08727773,3.24,7.6,0.01205,1.21634335,1.2453882490220054,1.3720505,1.3115352143455312,1.1665103745173875,1.237439563990327
1.666666667,2,30,23.1,43.54600847,1.62,27.38,0.00691,-4.67749855,-4.682578313053165,-4.159422,-4.35580802798109,-4.690820598409303,-4.539014566626989
0.6,1,15,3.8,0.883572934,1.41,1.25,0.00571,7.845917134,7.849341544675559,7.9847603,9.35858926440501,7.867554653488469,8.119198064874025
1.666666667,2,30,13.2,19.26012281,1.62,12.11,0.00691,-0.681742337,-0.653093946851808,-0.9383034,-0.6111151949491578,-0.7082736974738193,-0.6494471680733317
1.0,1,60,4.7,0.0,7.9886,0.0,0.01253502,85.29606162,85.32083477747025,86.293274,85.04253520829464,85.16438379688596,85.29606161999983
0.6,6,10,9.6,33.00144908,0.94,20.75,0.00400002,-1.492583027,-1.4985773063745567,-1.7435564,-1.561035044486376,-1.593307057506399,-1.5006646414606775
0.6,2,10,1.6,0.311017673,0.94,0.44,0.004,19.90349833,19.88380018592394,19.853586,19.969030596947402,19.9921520212998,19.788486158213946
1.0,2,40,12.3,6.488959626,7.9886,4.08,0.01038986,4.744407757,4.729734151838331,4.8613048,4.758228654498819,4.749631169989295,4.749470414722812
0.6,6,30,13.2,12.13499067,2.82,7.63,0.00925998,1.319095804,1.3170335519689564,1.2886846,1.3099136773254292,1.3088307884256167,1.2723639883916666
0.6,2,15,5.7,5.868691426,1.41,3.69,0.00571,3.12144436,3.157248799747119,3.0206532,3.0996693076541284,3.083556416173696,3.1703041153866605
0.6,4,60,18.4,3.149053936,5.64,1.98,0.01379,5.244387356,5.2264308406357864,5.3222466,5.509783637449842,5.1793250466682625,5.265856308973009
1.0,6,40,8.2,2.115273604,7.9886,1.33,0.01038984,12.26509277,12.269988841201906,12.369415,12.802858080877836,12.284906063724257,12.345685731773022
0.6,1,40,27.7,19.57820907,3.76,12.31,0.00926,-0.31983344,-0.3346741215565991,-0.47542393,-0.3925124984206004,-0.35710609025327145,-0.339612578943998
0.6,1,40,11.7,4.24645152,3.76,2.67,0.00926,5.600428743,5.591557028032101,5.7955146,6.373929560078402,5.64271269439098,5.645315037723336
1.666666667,2,10,1.6,1.574526968,0.54,0.99,0.00255,19.76892751,19.754071934345287,19.254166,16.849942579583193,19.66925122598156,19.55718677930107
1.666666667,6,10,6.4,18.03549073,0.54,11.34,0.00255,-0.129137113,-0.11481180076457666,-0.16580614,-0.12576223508638557,-0.1548470441590286,-0.12931419484799994
1.666666667,4,30,23.5,34.70321055,1.62,21.82,0.00691,-2.566904897,-2.5672524239444723,-2.925342,-2.6982824180519946,-2.5744348030583417,-2.565428474673996
0.6,1,60,23.0,9.749343752,5.64,6.13,0.01379,2.353160774,2.346382017908768,2.3698812,2.1057981767495577,2.395767000954841,2.298679136819867
1.0,2,60,28.2,10.71950683,7.9886,6.74,0.01253502,1.445601218,1.4191181535725765,1.3207932,1.472853824891292,1.413602735203522,1.4564714508221606
1.0,4,15,12.5,35.387096,6.561,22.25,0.00665308,-2.448500701,-2.419618892264911,-2.2962656,-2.4010619435478464,-2.4176939894714913,-2.3991557709583238
1.0,4,10,10.8,48.63538857,5.8785,30.58,0.00554252,-3.152505481,-3.1679871966900817,-3.094707,-3.194060415203772,-3.201188225139166,-3.1692176668939873
1.666666667,6,30,16.5,13.12105807,1.62,8.25,0.00691002,0.701657615,0.7299151651088537,0.5574773,0.7899588221165411,0.7372562665151579,0.73404637211666
1.666666667,6,15,7.6,18.57623736,0.81,11.68,0.00373002,-0.339593285,-0.35209907698023224,-0.27086502,-0.2769880236519319,-0.3246915678848268,-0.324454364485334
1.0,1,40,8.2,2.290221044,7.9886,1.44,0.01038986,12.23252504,12.26280777003969,12.309042,12.056508392668901,12.288689942606894,12.257530496271004
0.6,1,60,9.2,1.224632086,5.64,0.77,0.01379,21.59747144,21.61585666909981,21.296288,22.247111551844174,21.620294916622086,21.57829547562607
1.0,1,15,12.5,15.82479124,6.561,9.95,0.00665307,0.113305343,0.10581432630823662,-0.070201956,0.14699131624,0.09145187419707934,0.1253571677493333
0.6,2,20,11.5,17.3834139,1.88,10.93,0.00697,-0.039018327,-0.07655772089088826,0.07208484,-0.038900314884210814,-0.2116513562466391,-0.04121981528699983
1.0,6,10,7.2,25.0811013,5.8785,15.77,0.0055425,-1.145252173,-1.1284596370435496,-0.86942965,-1.160066809328348,-1.0855153875042642,-1.122925817518003
1.666666667,1,10,1.6,0.763407015,0.54,0.48,0.00255,19.89720182,19.88668900153591,20.085712,19.957405429747475,19.91380310879812,19.96620975455395
1.0,6,60,4.7,0.0,7.9886,0.0,0.01253502,85.29606162,85.30306924720212,83.20826,85.0553230645262,85.3321674147954,85.29913293891984
1.0,4,15,2.5,1.129206209,6.561,0.71,0.00665308,18.76038418,18.73618372099653,18.738594,20.093769219705283,18.800036014731955,18.766896312713925
1.0,1,15,5.0,2.496977111,6.561,1.57,0.00665307,4.610827923,4.638487963235219,4.7142167,5.844652421187354,4.582831524114974,4.606721512014251
1.666666667,6,10,8.0,27.80073879,0.54,17.48,0.00255,-1.293732464,-1.2832914444338825,-1.3350214,-1.2989940304553165,-1.2455052496144958,-1.3082081758889978
1.666666667,6,20,11.5,24.25407703,1.08,15.25,0.00484002,-1.537356513,-1.5049583612989674,-1.5890509,-1.3495793417615138,-1.4270942989832207,-1.499306693197665
0.6,6,30,16.5,15.66574812,2.82,9.85,0.00925998,0.282318546,0.2638405000282356,0.35529393,0.28793879893473645,0.21727008251944468,0.2776752068133327
1.0,2,30,25.7,36.32545046,7.6656,22.84,0.00910836,-2.479764638,-2.5076343123047864,-2.7690468,-2.7124386207169566,-2.5715231557785057,-2.6006310193575066
0.6,1,60,27.6,10.81493271,5.64,6.8,0.01379,1.454810721,1.4687222289697544,1.3663651,1.4467842423645338,1.4668045498711688,1.4924503212339921
0.6,2,30,6.6,4.325973084,2.82,2.72,0.00926,9.875438484,9.864569491302053,9.709442,9.64066489062468,9.801087112802325,9.866833017371215
0.6,2,60,27.6,12.19860792,5.64,7.67,0.01379,1.194216807,1.1782211437016588,1.4021369,1.2490371290017006,1.232999884640349,1.2367245973498284
1.666666667,6,15,11.4,33.62171728,0.81,21.14,0.00373002,-2.505408565,-2.4862832988201453,-2.2306972,-2.4143190590336467,-2.4711412804158748,-2.4828205649179944
1.0,4,20,11.2,16.39734651,7.0444,10.31,0.00757704,0.146437166,0.1665050053385301,0.21993461,0.14973332334263104,0.18525898473331015,0.14737155378400066
0.6,6,20,16.1,33.51038709,1.88,21.07,0.00697002,-2.213158233,-2.2180345169624607,-2.2056813,-2.2756589978771977,-2.181120609176878,-2.2678395358125076
1.666666667,6,20,9.2,15.50670499,1.08,9.75,0.00484002,0.444170684,0.44864572574664024,0.04799392,0.4072530973901748,0.40088221547092484,0.44673611263357144
0.6,6,60,23.0,1.307687942,5.64,1.85,0.01378998,3.371249521,3.3552317790590136,3.0589824,3.4775469521641997,3.3520755048274324,3.3658912891409862
0.6,6,60,13.8,0.0,5.64,0.0,0.01378998,9.647969009,9.623358380264204,10.410508,11.749560326132638,9.737594814438033,9.480124362749033
1.666666667,1,15,7.6,8.461094414,0.81,5.32,0.00373,1.505224679,1.505577368726747,1.4907401,1.671059140658411,1.4698797314677785,1.572004762223003
1.666666667,2,20,2.3,0.90654583,1.08,0.57,0.00484,38.48426763,38.50399375196685,38.395103,37.488865199220875,38.487137506043624,38.446934531450005
0.6,4,20,11.5,21.07321447,1.88,13.25,0.00697,-0.782209838,-0.7986053095922914,-0.39613873,-0.7360416928903409,-0.7084175313369485,-0.7975807306189945
1.666666667,1,60,13.8,3.324001377,3.24,2.09,0.01205,9.286285216,9.252499711521587,8.852527,9.183114087403665,9.274520906198187,9.297948087964564
1.0,1,40,29.3,36.80257984,7.9886,23.14,0.01038986,-3.507189394,-3.492736714339558,-3.1420999,-3.121063904654922,-3.4783022159394505,-3.398010965264015
1.666666667,1,30,6.6,2.481072798,1.62,1.56,0.00691,10.32475103,10.29460957215758,10.090012,9.983296553517038,10.230601672199885,10.325356673833726
0.6,2,40,3.9,0.0,3.76,0.0,0.00926,53.68863227,53.71602778703574,53.447426,53.66972580642126,53.69699392045968,53.688632270000255
1.666666667,1,40,19.5,13.86856077,2.16,8.72,0.00878,0.746100873,0.7021028427147262,0.7239159,0.6785998141998215,0.7488150754997314,0.719409745627662
1.666666667,6,40,3.9,0.922450143,2.16,0.58,0.00877998,53.5336297,53.52669271793508,53.603714,53.343029235157665,53.48113332874567,53.52488846454033
1.0,1,60,28.2,15.25223598,7.9886,9.59,0.01253502,0.499237462,0.5345243358313052,0.81614184,0.47706914074898077,0.6004833984126572,0.4788535364095018
1.0,4,10,12.4,57.52589943,5.8785,36.17,0.00554252,-3.481482872,-3.4680321611627996,-3.094707,-3.302798065342137,-3.4472883097947413,-3.461809604896013
1.0,2,20,11.2,14.99776698,7.0444,9.43,0.00757704,0.395252154,0.42760003274239955,0.6825879,0.4101537560537877,0.3871741288493986,0.3928983112200705
1.666666667,1,20,11.5,10.51275077,1.08,6.61,0.00484,0.964833918,0.9802213805886366,0.97283775,1.0407955140699194,0.9146111962138574,0.9783697691070008
1.666666667,2,30,9.9,10.22647314,1.62,6.43,0.00691,3.02368574,2.973020266121842,2.646081,2.4156374822648523,3.105953454405647,2.931385938645665
1.666666667,2,20,17.4,47.23580904,1.08,29.7,0.00484,-4.430356863,-4.414968350273835,-4.1366267,-4.198258676917043,-4.427264451282074,-4.48354387637998
1.0,4,30,14.4,15.57032224,7.6656,9.79,0.00910836,0.403086996,0.41052963193714753,0.4893502,0.3764375744526332,0.41215547060215396,0.3955353966639068
1.0,6,40,24.6,9.558491998,7.9886,6.01,0.01038984,0.954831026,0.9807191969928895,1.0434891,1.43597035986884,0.878450740008967,1.0556034813120045
0.6,2,15,3.8,3.037723746,1.41,1.91,0.00571,7.703573355,7.6892413118184875,7.814444,7.6155142453956675,7.609124134488212,7.716281280686009
1.666666667,1,15,1.9,0.0,0.81,0.0,0.00373,31.81023577,31.831313791085,31.745272,31.33890663715823,31.83735355951487,31.810235770000407
0.6,6,40,27.2,14.39340309,3.76,9.05,0.00925998,0.327918925,0.3500702481138339,0.3450994,0.39948377152561676,0.2560096347073655,0.33736469376400163
1.0,1,15,10.0,11.56243541,6.561,7.27,0.00665307,0.643455372,0.6656007931389282,0.73882204,0.7885393615790146,0.6527068928798574,0.6542429125560005
1.666666667,6,20,6.9,8.270242661,1.08,5.2,0.00484002,3.292900159,3.2522111325612957,3.0878873,3.1742409444951027,3.2387390954339557,3.2749905127332117
1.666666667,2,40,3.9,1.033780333,2.16,0.65,0.00878,53.49395752,53.49906621255819,53.583538,53.02874214387385,53.43834365822975,53.440003731150256
1.0,2,15,17.7,52.85003146,6.561,33.23,0.00665308,-3.186321588,-3.181109304338529,-3.2795234,-3.2686529384303777,-3.1666718121437984,-3.2776491238790157
0.6,1,20,9.2,4.707676591,1.88,2.96,0.00697,2.230624568,2.230628866997365,2.605826,3.462282689626628,2.1425776472059788,2.4407444787483046
0.6,6,30,23.3,21.31177916,2.82,13.4,0.00925998,-0.457763294,-0.48083730706105327,-0.65920967,-0.5957223591616357,-0.4363662444733496,-0.4832767710783319
0.6,1,30,19.8,18.51262011,2.82,11.64,0.00926,-0.190751919,-0.1906674846118934,-0.33748853,-0.19558781342315668,-0.21102703344576312,-0.18520580023833286
1.666666667,4,30,3.3,1.208727773,1.62,0.76,0.00691,41.97087335,41.96078450818354,41.761997,38.89536960903997,41.92517206840008,41.71253281736032
0.6,1,10,11.55,36.94571865,0.94,23.23,0.004,-1.389263853,-1.3927389746749952,-1.5183051,-1.5485416318231382,-1.3777183717453614,-1.4146582118754956
1.0,2,40,8.2,3.149053936,7.9886,1.98,0.01038986,12.0351306,12.037771561624321,12.05069,11.722682659529461,12.040916936306434,12.030410384363886
1.0,2,10,9.0,36.42087633,5.8785,22.9,0.0055425,-2.261940155,-2.2659392323652927,-2.1468506,-2.227734096543674,-2.2261081368994553,-2.2905622251510063
1.0,1,10,9.0,25.92402988,5.8785,16.3,0.00554251,-0.827218167,-0.8560057447393846,-1.1118644,-0.9603263998082504,-0.9071117035065797,-0.841743468795005
0.6,4,60,23.0,4.469111899,5.64,2.81,0.01379,3.237898567,3.241169808184879,3.0654535,3.3931921985410556,3.2781004494942065,3.246832169344011
0.6,2,60,18.4,7.220558015,5.64,4.54,0.01379,4.466983726,4.475267880155102,4.161465,3.9341111103980078,4.466121394955072,4.401066066073452
1.666666667,2,10,4.8,8.413381476,0.54,5.29,0.00255,1.683168888,1.7567216828847456,1.9709285,2.0612071560888756,1.785567059176822,1.6742088475240011
1.0,1,20,14.0,16.58819826,7.0444,10.43,0.00757704,0.070904985,0.07177409123641602,0.13018718,0.07432080523368367,0.09714180378658988,0.07193918268666641
1.666666667,4,10,4.8,10.9262629,0.54,6.87,0.00255,1.317910384,1.2754729433873877,1.4086922,1.3666219559385382,1.3207667339402507,1.3232916261530068
1.666666667,2,60,13.8,4.262355833,3.24,2.68,0.01205,9.053257882,9.049289390308404,9.014293,8.93707141021834,9.057487325056846,9.060618904966592
0.6,2,10,6.4,17.94006485,0.94,11.28,0.004,-0.114623483,-0.11405489169231406,-0.16745508,-0.12925315857936892,-0.052495316461417474,-0.11916507459200001
1.0,4,15,15.0,42.7189842,6.561,26.86,0.00665308,-2.717283728,-2.7121309723662983,-2.7243967,-2.7490842503835395,-2.7351079827280387,-2.6621941146419945
0.6,4,30,19.8,24.61987623,2.82,15.48,0.00926,-1.237941196,-1.270249178651896,-0.9573018,-1.3008419846583024,-1.3063276718341044,-1.2307071486359948
0.6,6,20,11.5,18.91022793,1.88,11.89,0.00697002,-0.329249016,-0.3162072761113935,-0.03132533,-0.35284225691621285,-0.3093561509712366,-0.3245122021493341
0.6,2,15,7.6,11.57833972,1.41,7.28,0.00571,1.083844505,1.0732787265383874,1.1313959,1.0931361559383006,0.9465859999854827,1.0631247868825933
1.666666667,2,60,9.2,2.194795168,3.24,1.38,0.01205,21.35313553,21.33550562638234,21.15581,18.03658533390251,21.11690003112566,21.018143213528038
0.6,6,60,31.5,2.481072798,5.64,1.56,0.01378998,1.813035646,1.8124220583836634,1.9588671,2.208875807572633,1.820664973181711,1.847774145570006
1.0,6,40,20.5,7.268270954,7.9886,4.57,0.01038984,1.635501947,1.5939120626900596,1.8167241,2.3850730057070435,1.7406911677855694,1.712609950716996
1.666666667,4,40,19.5,14.29797722,2.16,8.99,0.00878,0.657970576,0.6323432262042837,0.4288494,0.5951860761508772,0.5533190972700845,0.6456419022422379
1.0,2,20,16.8,37.56598685,7.0444,23.62,0.00757704,-2.809839129,-2.8050349213964814,-2.7653365,-2.7755176296351727,-2.7796248148362306,-2.7737728237279993
1.666666667,1,15,5.7,5.057571473,0.81,3.18,0.00373,3.227724438,3.1934468704569774,2.9708214,3.3581430012368685,3.203713753693739,3.1614398731870677
1.0,2,15,15.0,41.92376856,6.561,26.36,0.00665308,-2.597756281,-2.61632850919861,-2.7243967,-2.6553814376492015,-2.649204721348127,-2.658029070423999
0.6,1,60,32.0,13.42324001,5.64,8.44,0.01379,0.697364416,0.7011634497710219,0.6736728,0.647925882402775,0.6629437689366791,0.6903455357110004
1.0,1,20,11.2,10.1787602,7.0444,6.4,0.00757704,1.082273546,1.0946913358705619,1.1623222,1.2203089903981186,1.1879768187211655,1.1004207993279997
0.6,2,60,4.6,0.0,5.64,0.0,0.01379,86.83172108,86.8211181534164,87.2345,86.62989626225334,86.85874534852738,86.83172108000079
1.0,1,60,33.3,16.39734651,7.9886,10.31,0.01253502,0.149087559,0.13349830139989238,0.05402398,0.1522969330226317,0.09976038105730733,0.15590194801400126
1.666666667,2,40,11.7,7.681783087,2.16,4.83,0.00878,4.771045185,4.751485223467353,4.4883957,4.519086369208155,4.727331987230599,4.714463809638067
0.6,2,40,19.5,14.85462816,3.76,9.34,0.00926,0.539728127,0.5195752305885253,0.12555881,0.5094113643962428,0.5206166111085881,0.5382466962334037
1.0,2,15,2.5,0.683885451,6.561,0.43,0.00665308,18.81200064,18.84710350839304,18.738594,20.637221461473803,18.861879023484352,18.98489960004412
0.6,2,30,19.8,34.13065529,2.82,21.46,0.00926,-3.459216316,-3.444203874363654,-3.099968,-3.071315188255513,-3.3278157240536643,-3.3999529717780006
0.6,1,60,18.4,6.329916498,5.64,3.98,0.01379,4.689205508,4.671296278429424,4.5470004,4.189046905210517,4.653888132443517,4.646111002999517
1.666666667,4,20,4.6,4.389590335,1.08,2.76,0.00484,9.017222812,8.991067950209041,9.0669775,8.51318313945686,9.03393997194349,8.948015788446167
1.666666667,6,30,9.9,7.36369683,1.62,4.63,0.00691002,3.824426435,3.884280442206098,3.7954273,3.6809824264248987,3.787172724680354,3.827585857734709
0.6,2,30,23.6,38.79061894,2.82,24.39,0.00926,-3.385778891,-3.382529196172949,-3.320054,-3.2160861536152203,-3.442512616364189,-3.384676581707989
1.0,4,10,5.4,12.86658906,5.8785,8.09,0.00554252,0.786710352,0.8129924394724638,1.0201442,0.8520803627394666,0.843408699689868,0.7984837932670045
0.6,2,40,15.6,9.494874747,3.76,5.97,0.00926,2.329151445,2.275127532192019,2.3228393,2.2245610536410436,2.2780628699053,2.282085856544108
1.666666667,4,10,3.2,5.232518914,0.54,3.29,0.00255,4.52115267,4.540083954586187,4.64271,4.2942831191652635,4.504817964156825,4.602586858529993
1.666666667,1,15,13.3,21.02550153,0.81,13.22,0.00373,-0.324531973,-0.3424357067679466,-0.6484471,-0.4869062598919141,-0.2682489798941621,-0.3680185931110024
1.666666667,6,20,4.6,3.944269577,1.08,2.48,0.00484002,9.13870869,9.14293613282149,9.055159,8.86078073432535,9.220970745808884,9.115832632257655
1.666666667,6,40,26.7,16.87447589,2.16,10.61,0.00877998,0.038808306,0.05375201975086253,-0.033804923,0.04768233346947371,0.09955827445233556,0.041456042334999985
1.0,1,30,10.8,5.312040478,7.6656,3.34,0.00910836,3.651829592,3.6396616803444886,3.9481544,3.708911404272181,3.6466303277426215,3.7298053668218287
1.0,4,10,7.2,24.34950291,5.8785,15.31,0.00554252,-1.021373478,-1.0510383978352007,-0.68680006,-1.1031400256305108,-1.0417783380972097,-1.062476055526997
1.666666667,6,40,7.8,3.578470382,2.16,2.25,0.00877998,12.83899775,12.825744417087547,12.560759,12.439992775217236,12.77127910849846,12.831202815665351
1.0,1,20,20.1,33.71714315,7.0444,21.2,0.00757704,-1.480576669,-1.4999183387433916,-2.0861979,-1.6257133686125291,-1.555223450947274,-1.509267585243
1.666666667,1,40,26.8,23.80875627,2.16,14.97,0.00878,-1.049733014,-1.0344893074178245,-0.9993018,-0.946508286362461,-1.0974353731098763,-1.0166048034060042
0.6,2,40,27.5,24.92205817,3.76,15.67,0.00926,-1.195734303,-1.2017119473642326,-1.3636432,-1.2937413137343716,-1.202887441761387,-1.2419824094254928
1.666666667,6,40,15.6,8.922319486,2.16,5.61,0.00877998,2.449204715,2.4774761591682495,2.4714565,2.5386439457071326,2.478831637056496,2.4743290757696625
1.666666667,6,15,13.3,42.27366345,0.81,26.58,0.00373002,-3.287049406,-3.255412156907104,-3.0609732,-3.051066926619982,-3.202456642952331,-3.3449701578399926
1.0,1,30,7.2,2.21069948,7.6656,1.39,0.00910836,8.93589336,8.876749017745034,8.934856,9.474325702655102,8.909749810207973,8.8442910278645
1.666666667,6,15,5.7,8.985936737,0.81,5.65,0.00373002,2.566144067,2.576124253760574,2.3800516,2.504257461027952,2.502210448501156,2.5659445833893475
0.6,4,40,15.6,9.256310055,3.76,5.82,0.00926,2.380080779,2.4010488826079524,2.5452714,2.4153434181427205,2.307601685009086,2.3930916333537433
1.0,1,30,14.4,9.892482567,7.6656,6.22,0.00910836,1.517381129,1.4975330344999687,1.2936623,1.5394397250553593,1.4867659203681,1.5144549453936687
1.666666667,2,40,19.5,20.18257295,2.16,12.69,0.00878,-0.820470125,-0.7825984199901586,-0.9336588,-0.734350404998478,-0.7379534906399527,-0.7854357655633329
1.0,4,60,9.4,0.0,7.9886,0.0,0.01253504,21.32401541,21.329135103119782,21.582085,21.3645512926612,21.31974358603017,21.229684592538174
1.0,1,20,5.6,2.178890855,7.0444,1.37,0.00757704,6.568308757,6.574187092974306,6.9459553,7.492811410749503,6.547234064104721,6.726473302501916
1.0,1,60,14.1,4.310068771,7.9886,2.71,0.01253502,8.879994637,8.873832429367912,8.988894,8.676728958554843,8.88628036087782,8.794063484079215
1.0,6,10,1.8,1.176919148,5.8785,0.74,0.0055425,16.07797496,16.090719890252114,16.222109,16.685793721084114,16.12772352149326,16.216402576419885
1.666666667,4,40,11.7,8.015773656,2.16,5.04,0.00878,4.664930166,4.621123724683522,4.4883957,4.192556765003862,4.692428382979073,4.638645815638396
1.0,1,15,15.0,23.53838296,6.561,14.8,0.00665307,-0.460503106,-0.4612925530171082,-0.6484471,-0.6273931661715599,-0.4656045491514984,-0.5275470565800027
1.0,1,10,12.5,40.07886828,5.8785,25.2,0.00554251,-1.490625318,-1.498228766686164,-1.7484815,-1.7379721239127293,-1.5116952428014532,-1.4962288863739983
0.6,1,40,3.9,0.0,3.76,0.0,0.00926,53.68863227,53.680230673333305,53.390102,53.72070081553705,53.53720165035446,53.688632270000255
1.666666667,2,10,8.0,21.47082229,0.54,13.5,0.00255,-0.449860304,-0.47807991235034214,-0.59785086,-0.60123679823614,-0.553312727411452,-0.44916090454399965
1.0,6,20,16.8,26.17849888,7.0444,16.46,0.00757704,-0.98298053,-0.9876509740947251,-1.0445331,-1.1728120747849593,-0.9914398864271785,-1.0398783923175032
1.0,1,10,10.8,33.71714315,5.8785,21.2,0.00554251,-1.282081147,-1.271876094903034,-1.5708802,-1.355979772901154,-1.2514150205447532,-1.3224651925839983
1.666666667,6,60,18.4,0.720995514,3.24,1.02,0.01204998,5.378525252,5.364910268392836,5.348129,6.045906755915801,5.36724025342753,5.37090481814303
1.0,2,60,14.1,4.564537776,7.9886,2.87,0.01253502,8.807377148,8.769785005434205,8.936858,8.122013691445334,8.809806319084608,8.71403013069355
1.0,6,10,10.8,48.55586701,5.8785,30.53,0.0055425,-3.140738704,-3.1288752163052713,-3.094707,-3.084855354296298,-3.1091976907590038,-3.0241806429230067
1.666666667,2,20,6.9,8.190721097,1.08,5.15,0.00484,3.311944428,3.34017066795198,3.2155356,3.1686942066073547,3.313410709608563,3.2901249691431373
1.0,6,40,12.3,3.33990569,7.9886,2.1,0.01038984,5.325688848,5.356134191744143,6.0239563,6.836452296717518,5.337288190229815,5.422895021020016
0.6,6,60,18.4,0.565486678,5.64,0.8,0.01378998,5.397174146,5.4081559551294,5.33858,6.597809770903156,5.36623749815479,5.439830566341032
0.6,6,40,15.6,8.254338348,3.76,5.19,0.00925998,2.579832626,2.6068602712442615,2.7072186,2.7632189954573447,2.63088200320309,2.5606479991827302
1.666666667,1,15,3.8,2.815063367,0.81,1.77,0.00373,7.738736145,7.7429735561020765,7.6733546,7.365903714844673,7.741000571828213,7.665308518700748
1.666666667,1,30,23.1,33.2718224,1.62,20.92,0.00691,-2.372395493,-2.3970636734552024,-2.0303473,-2.319574036681468,-2.3923056763107677,-2.4195389872139956
1.666666667,2,20,4.6,3.546661756,1.08,2.23,0.00484,9.236207068,9.282491306506314,9.157147,9.005824845772274,9.28636655022579,9.229627774937347
0.6,1,40,15.6,6.822950195,3.76,4.29,0.00926,2.825537505,2.8704989127611817,3.2077293,3.2545474720189635,2.9147867578911537,2.8300498655994533
0.6,2,40,7.8,2.671924552,3.76,1.68,0.00926,13.09703971,13.076516171930242,12.837711,12.915642471755072,13.13631932334404,13.10996062807426
1.0,4,10,3.6,4.341877397,5.8785,2.73,0.00554252,3.780161987,3.7962883364519673,4.09765,4.179622833330472,3.768386480576349,3.831959226268987
1.666666667,1,20,2.3,0.0,1.08,0.0,0.00484,38.59187603,38.56735853767512,38.487576,37.911937482757715,38.55211682983574,38.60569033859984
1.0,2,20,20.0,48.14235487,7.0444,30.27,0.00757704,-3.592350865,-3.593109459013859,-3.3991632,-3.6558581823589678,-3.5866136599322314,-3.546500941854014
1.0,4,30,10.8,9.415353183,7.6656,5.92,0.00910836,2.823795036,2.799481839170428,2.6566901,2.572692360412582,2.701887627549346,2.8429708135212515
0.6,4,40,7.8,2.783254742,3.76,1.75,0.00926,13.06938208,13.05822322040867,12.837711,12.867208773979273,13.088657348771072,13.075527801633926
1.666666667,1,40,23.4,19.75315651,2.16,12.42,0.00878,-0.482996665,-0.48380495096060716,-0.51992375,-0.5102038207315509,-0.4963334955746248,-0.4676956673649979
1.0,6,20,5.6,3.896556638,7.0444,2.45,0.00757704,6.331937957,6.335577634685073,6.2408414,6.597811916227342,6.38517199832629,6.336751711133898
0.6,6,30,9.9,6.552576877,2.82,4.12,0.00925998,4.003917361,4.035373161454308,4.114774,3.9032002655163964,4.06827402651689,3.985576028705176
1.0,2,15,7.5,17.90825622,6.561,11.26,0.00665308,-0.184486098,-0.16461261369520988,0.024383059,-0.15681006204800027,-0.019548477253559682,-0.17992480121999893
1.0,1,15,17.7,32.14261619,6.561,20.21,0.00665307,-0.941735899,-0.9504855492504901,-1.2829759,-1.31410371139798,-0.8498213137396906,-1.0337665594409973
0.6,6,40,3.9,0.0,3.76,0.0,0.00925998,53.68863227,53.67566838416424,53.392605,53.61708670631598,53.76468055038553,53.665614932820255
1.0,2,20,2.8,0.90654583,7.0444,0.57,0.00757704,26.62891419,26.605073939567774,26.479689,27.016330439410417,26.56703167064035,26.628094218519877
0.6,4,15,5.7,6.441246688,1.41,4.05,0.00571,3.036922622,3.0895049427406542,3.0206532,3.078694136779345,3.113300210428533,3.046906027779686
1.0,4,40,12.3,6.441246688,7.9886,4.05,0.01038988,4.755994045,4.764115400346045,4.7893944,4.763740109641459,4.753165231705042,4.751147402329814
0.6,2,20,6.9,7.109227826,1.88,4.47,0.00697,3.552678711,3.554231678440315,3.492384,3.428757597869632,3.573953718214373,3.540419681684596
1.666666667,1,40,15.6,8.127103845,2.16,5.11,0.00878,2.603562211,2.609208737121813,2.5202122,2.6830221079866834,2.616642603545589,2.6226677495359314
0.6,1,30,6.6,1.542718342,2.82,0.97,0.00926,10.45983982,10.4601585324388,10.506502,12.312365672259581,10.499900418969604,10.326406480901978
1.666666667,4,20,11.5,28.35738974,1.08,17.83,0.00484,-2.668041604,-2.631860590945506,-2.0706015,-2.339373539983272,-2.5391484465521668,-2.6430277118263366
1.666666667,4,10,8.0,27.30770509,0.54,17.17,0.00255,-1.22021727,-1.1895999137478677,-1.0612682,-1.2168665345391747,-1.2513098998656211,-1.2190466932100052
1.0,6,15,5.0,5.852787114,6.561,3.68,0.0066531,4.163004259,4.180594682615885,4.0682607,4.034122080617294,4.1078153473813686,4.148735634566666
0.6,4,60,27.6,6.075447493,5.64,3.82,0.01379,2.109925302,2.089965177240824,2.1165423,2.2733435949599885,2.0983281380139776,2.079327282140999
0.6,2,10,9.6,34.97358387,0.94,21.99,0.004,-1.744470103,-1.7303229458916227,-1.8166612,-1.8009500890698293,-1.6302366951184393,-1.761074598273183
0.6,2,15,1.9,0.0,1.41,0.0,0.00571,31.81023577,31.82111871656065,31.797861,31.35419773863195,31.83248669151183,31.810235770000407
0.6,1,15,1.9,0.0,1.41,0.0,0.00571,31.81023577,31.81420736922838,31.860044,31.631473365684577,31.829894695090847,31.810235770000407
1.666666667,1,10,4.8,5.884595739,0.54,3.7,0.00255,1.954916971,1.912389133962625,2.2088432,2.2111360277347343,1.9985184435358958,2.0050745570123336
0.6,1,60,13.8,3.562566069,5.64,2.24,0.01379,9.232505856,9.234087555132326,9.035387,9.196307783520757,9.185746414080988,9.213174389072558
1.0,6,20,11.2,16.03154731,7.0444,10.08,0.00757704,0.213609707,0.17277084487683286,0.21993461,0.20522631466736918,0.3058499809489348,0.2105235295686679
1.0,1,30,18.0,15.96793006,7.6656,10.04,0.00910836,0.196119512,0.19843693255765563,0.27912652,0.19145822287368378,0.15896962773959888,0.20079125865400088
1.666666667,6,15,9.5,26.30573339,0.81,16.54,0.00373002,-1.715025579,-1.7545757283774435,-1.4500257,-1.620848394059822,-1.7750625525416996,-1.7059319544163256
0.6,2,30,16.5,26.21030751,2.82,16.48,0.00926,-2.245414212,-2.217849283309226,-1.965317,-1.9318852170641694,-2.190666060247299,-2.1689318788610015
0.6,6,15,5.7,6.393533749,1.41,4.02,0.00571002,3.044266403,3.0417954413429156,3.0206532,3.08113005816498,3.1468034733919614,3.0522894271246854
1.666666667,4,20,6.9,9.097266927,1.08,5.72,0.00484,3.083932085,3.0394678565930784,2.9033618,2.8881827000088633,3.1471386515105904,3.0443149072276787
1.0,2,15,12.5,34.60778467,6.561,21.76,0.00665308,-2.309014029,-2.2962641477155183,-2.2268043,-2.314165915736313,-2.310446022966506,-2.3218932947093203
1.0,4,15,10.0,25.92402988,6.561,16.3,0.00665308,-1.507605109,-1.4752789788604102,-1.2971964,-1.3996600187585022,-1.5108307933059173,-1.4879276317389922
1.666666667,2,10,6.4,17.39931821,0.54,10.94,0.00255,-0.033833936,-0.015922211923071,-0.16580614,-0.03576290353263171,0.009079062844334018,-0.03457580549800002
0.6,2,15,13.3,35.18033993,1.41,22.12,0.00571,-2.076910554,-2.1322074192411073,-2.3854566,-2.274536857194994,-2.1932625503517436,-2.115829192933346
1.0,4,30,21.6,23.82466059,7.6656,14.98,0.00910836,-0.934762889,-0.9118805091431585,-0.8954981,-0.9350347395777133,-0.8755139030723864,-0.9433677989680052
1.0,6,15,15.0,38.36120249,6.561,24.12,0.0066531,-2.089842338,-2.1066732814938955,-2.444532,-2.2433068925103985,-2.145984044080077,-2.091138596184336
1.666666667,2,15,7.6,17.31979665,0.81,10.89,0.00373,-0.035360416,-0.05075934252311429,0.10004211,-0.035329749155789354,-0.01222654397362799,-0.03388282889600001
1.666666667,1,40,11.7,4.564537776,2.16,2.87,0.00878,5.543703004,5.601802358981437,5.5506635,6.166164548066771,5.487525137347679,5.6142359519143445
1.666666667,1,30,9.9,5.836882801,1.62,3.67,0.00691,4.144915779,4.128678203674364,3.883543,3.5041837581514064,4.146160059167354,4.008405651531164
1.0,6,20,8.4,9.367640244,7.0444,5.89,0.00757704,2.08364677,2.1097727360243392,1.9722668,2.1975974837291337,2.118325002428466,2.0768158471324845
0.6,1,10,8.0,23.45886139,0.94,14.75,0.004,-0.691540263,-0.6752392602110266,-0.59785086,-0.7352126813027369,-0.6447397365759802,-0.6552569207690008
1.666666667,1,30,16.5,19.27602712,1.62,12.12,0.00691,-0.439823585,-0.48625201089520614,-0.34350705,-0.4637835699147248,-0.39988349518080213,-0.45707546870266447
1.0,1,40,20.5,19.08517537,7.9886,12.0,0.01038986,-0.469954943,-0.47232453857005696,-0.47542393,-0.4605330653012009,-0.47677703325972054,-0.4629584560429987
0.6,4,30,9.9,9.606204937,2.82,6.04,0.00926,3.219297666,3.199597416246923,2.8036814,2.680824150653849,3.2460264428581365,3.116688106036238
1.666666667,1,20,6.9,4.24645152,1.08,2.67,0.00484,4.025638997,4.080761066411484,4.289157,4.934979762171714,4.08060175838665,4.0749571701447875
1.0,2,30,18.0,19.48278319,7.6656,12.25,0.00910836,-0.418523023,-0.436451675784272,-0.73534626,-0.4661759649275144,-0.5306949248489197,-0.45014199495166574
1.666666667,4,15,7.6,20.96188428,0.81,13.18,0.00373,-0.975860967,-0.9149161532557836,-0.59785086,-0.7980694453082456,-0.8123515001803465,-0.9341274631980018
1.0,1,30,21.6,23.31572258,7.6656,14.66,0.00910836,-0.852579139,-0.8218007835149166,-0.822934,-0.8195191021881505,-0.78126814578353,-0.859560969009002
1.666666667,1,10,6.4,10.52865508,0.54,6.62,0.00255,0.777389443,0.7823478755154564,0.8019435,1.0139263919172143,0.7524092138840519,0.7759800254770008
0.6,4,30,3.3,0.0,2.82,0.0,0.00926,42.17996368,42.181162676855706,41.983784,42.03478545498944,42.11308465084823,42.1799636799999
1.666666667,2,40,23.4,25.35147462,2.16,15.94,0.00878,-1.760697875,-1.7330971935164117,-1.6159384,-1.5633872662738793,-1.7396754220780117,-1.7312916931533335
1.666666667,4,15,11.4,35.24395718,0.81,22.16,0.00373,-2.840337781,-2.8397725507623144,-2.668737,-2.7234020052449113,-2.8688210787906563,-2.8045583428533303
0.6,1,20,13.8,9.431257496,1.88,5.93,0.00697,0.748474903,0.7846930802855052,1.257042,1.1644650680856778,0.6864243828267105,0.8362064914269964
0.6,4,15,11.4,31.12474017,1.41,19.57,0.00571,-2.020716714,-2.050819624325815,-2.0652122,-2.087290717495521,-2.147326796579751,-2.073533769552981
0.6,1,15,9.5,7.840826215,1.41,4.93,0.00571,1.006996979,1.0127483453865094,1.3308166,1.3608758696063474,1.15950609368931,1.1056532420220004
1.666666667,4,30,6.6,4.007886828,1.62,2.52,0.00691,9.970282093,9.919026979624732,9.805679,9.772514427295242,9.909090878431714,9.955056065386321
1.666666667,4,60,27.6,4.75538953,3.24,2.99,0.01205,2.226929566,2.224898222266816,1.9891305,2.351944904006311,2.1915108233632754,2.27115379430301
1.666666667,1,15,9.5,13.32781413,0.81,8.38,0.00373,0.505550476,0.5351728395531589,0.5154409,0.6301514046328403,0.4612752018295483,0.5092824514139989
1.0,1,40,12.3,5.280231853,7.9886,3.32,0.01038986,5.011571699,5.0375862839461885,5.0346494,4.708468603344528,4.9792371675294715,5.0310282037112914
0.6,6,10,11.45,40.49238041,0.94,25.46,0.00400002,-1.7764018,-1.789652887232373,-2.178122,-1.9478718113619016,-1.8245129453957762,-1.7785921472614958
1.0,1,20,2.8,0.0,7.0444,0.0,0.00757704,26.70337305,26.732048970334276,26.965174,27.534879812379028,26.771131745924517,26.63938782502018
1.666666667,1,20,17.3,25.22424011,1.08,15.86,0.00484,-0.790419523,-0.8036921474795913,-1.1370312,-1.0019275696012346,-0.8058864559900254,-0.8756637249490067
1.666666667,2,30,6.6,4.35778171,1.62,2.74,0.00691,9.865555925,9.899010995772834,9.805679,9.584551688445819,9.84151715101641,9.851491359292861
1.666666667,2,40,7.8,3.435331567,2.16,2.16,0.00878,12.88471752,12.91439568864233,12.780975,12.560852667740821,12.942901511260562,12.8567492277893
0.6,6,60,9.2,0.0,5.64,0.0,0.01378998,21.70793027,21.700031503016557,21.454996,22.25692306123384,21.652237595967435,21.6837308583582
1.0,2,30,7.2,3.212671187,7.6656,2.02,0.00910836,8.768362347,8.768045884619028,9.305939,8.89179701181047,8.669104659368239,8.799379584822546
0.6,6,40,23.4,11.26025347,3.76,7.08,0.00925998,0.849776637,0.8365484971020812,1.0303878,1.0587398856697552,0.9261468629001959,0.8707442948559996
0.6,1,20,16.2,15.42718342,1.88,9.7,0.00697,0.149742789,0.15637462750870332,0.59338194,0.2387380962669479,0.13405710371327917,0.16715381517633326
0.6,6,40,11.7,4.675867966,3.76,2.94,0.00925998,5.522881381,5.527526439498218,5.560096,5.737013099101733,5.474154272076647,5.494241078353354
0.6,4,40,11.7,5.646031047,3.76,3.55,0.00926,5.320199493,5.2652731059569495,5.0278034,5.038691489179171,5.232661063666466,5.305811199225017
1.0,1,60,23.5,10.83083702,7.9886,6.81,0.01253502,2.053892493,2.0161267221632455,1.61497,1.7433345234477042,1.9997394025898654,2.0270723844886724
0.6,2,10,3.2,4.087408392,0.94,2.57,0.004,4.701629853,4.680362463658187,4.7308574,4.749755902898955,4.662595290377135,4.693082548739035
1.666666667,4,60,23.0,3.721609197,3.24,2.34,0.01205,3.310049851,3.339069753197461,3.6931705,3.4467937219284317,3.4053794650483287,3.2816482766760107
1.0,4,40,24.6,13.64590039,7.9886,8.58,0.01038988,0.509522558,0.4986953475706547,0.38204378,0.5842975322712599,0.5020029039492924,0.5209785993869974
0.6,2,20,4.6,3.419427254,1.88,2.15,0.00697,9.265220598,9.232676236111192,9.113098,8.919639911438857,9.233506425980273,9.243802627918534
1.666666667,4,40,26.9,23.20439239,2.16,14.59,0.00878,-0.933151156,-0.9447894149278662,-0.65920967,-0.9141332495848651,-0.9614926713146108,-0.9386265613280038
0.6,4,10,1.6,0.0,0.94,0.0,0.004,19.93662346,19.956992964631848,19.959024,20.23569828227382,19.89608117792985,19.936623460000146
0.6,4,60,13.8,2.401551234,5.64,1.51,0.01379,9.45917406,9.47100757544298,9.319492,10.078459733773142,9.465415764714217,9.508368452771945
0.6,2,15,11.4,27.40313097,1.41,17.23,0.00571,-1.36769347,-1.3990251960111737,-1.6188512,-1.5250226679569108,-1.4690854280697199,-1.4446385839409899
1.0,4,15,5.0,6.918376072,6.561,4.35,0.00665308,3.945506078,3.9183961985280638,3.7805653,3.8161950316874393,3.8806941824597354,3.9581266216924966
1.0,4,40,8.2,3.117245311,7.9886,1.96,0.01038988,12.0435531,12.030272419773839,12.096619,11.805323698421795,12.002995722920044,12.043422534696218
1.0,4,20,2.8,1.033780333,7.0444,0.65,0.00757704,26.60654673,26.606974918460192,26.479689,26.81819577913678,26.560227093489935,26.599390240919877
1.666666667,4,15,13.3,43.97542492,0.81,27.65,0.00373,-3.610341263,-3.6230478695320114,-3.467517,-3.5472286020856854,-3.722431184476836,-3.575500229373988
1.666666667,6,30,23.5,24.11093822,1.62,15.16,0.00691002,-0.808819085,-0.821567412984435,-0.93999714,-0.9875657776647504,-0.8210921605757004,-0.8395223129569965
1.0,4,30,18.0,20.32571177,7.6656,12.78,0.00910836,-0.584045505,-0.5959254143198937,-0.42101395,-0.6203962662614282,-0.5588250985516225,-0.5926181033733371
1.0,4,30,3.6,0.986067394,7.6656,0.62,0.00910836,36.22635098,36.24968700413119,36.370987,36.437928121178764,36.32312088296323,36.201781542849695
1.0,1,10,3.6,2.576498675,5.8785,1.62,0.00554251,3.947513639,3.9199769240530324,4.051324,4.587924542236821,3.952157045240283,4.080149839368964
1.666666667,2,20,13.8,34.21017685,1.08,21.51,0.00484,-3.184720538,-3.1678994659697843,-2.803278,-3.01476119157691,-3.1689946785319947,-3.159499462209989
1.666666667,2,15,9.5,23.18848808,0.81,14.58,0.00373,-1.048950607,-1.0319507636346459,-0.98660845,-0.9507238697166638,-1.1033010499156415,-1.0382782761149967
1.666666667,4,15,5.7,12.1667993,0.81,7.65,0.00373,1.75926845,1.7587005806071694,1.6301829,1.6494698222187631,1.7648722557960532,1.7634504809589882
1.666666667,4,40,7.8,3.753417823,2.16,2.36,0.00878,12.78058381,12.73752881118516,12.690805,12.411431290698616,12.844839854329424,12.770681166190409
1.0,2,40,29.4,29.58202182,7.9886,18.6,0.01038986,-1.907733742,-1.9212891755131272,-2.0918508,-1.9660389397227296,-1.9710583380635303,-1.872072537065993
1.666666667,6,20,16.9,34.43283723,1.08,21.65,0.00484002,-2.160585777,-2.163470384423862,-2.680859,-2.442536523356413,-2.2300738968180056,-2.236181287210005
1.0,4,60,14.1,0.636172512,7.9886,0.4,0.01253504,9.464326293,9.468693241117434,9.429116,9.8837636357347,9.471804184891665,9.533946863858022
1.0,4,40,4.1,0.636172512,7.9886,0.4,0.01038988,49.74823747,49.74295600548362,49.81881,50.09344202186524,49.735630938226336,49.48688600419019
1.666666667,6,40,11.7,6.695715693,2.16,4.21,0.00877998,5.057991417,5.037101600918601,4.992261,4.8391529398824815,5.029455400567564,5.037380008344415
1.0,4,10,1.8,0.954258769,5.8785,0.6,0.00554252,16.10398317,16.091130307564022,16.188808,16.62826858029472,16.0805845813937,16.14324835611998
1.666666667,4,30,13.2,15.31585323,1.62,9.63,0.00691,0.538084028,0.5315463187697187,0.05065614,0.4845718657900664,0.5022134140635641,0.532256185515569
1.666666667,1,15,11.4,17.11304058,0.81,10.76,0.00373,0.005627788,-0.001733105800967414,0.04944589,0.017667597768421014,-0.09702330202371101,0.00826610033999998
0.6,6,60,4.6,0.0,5.64,0.0,0.01378998,86.83172108,86.8271503002935,85.93588,86.62026011496913,86.76603751565138,86.83172108000079
0.6,4,15,3.8,3.180862562,1.41,2.0,0.00571,7.679555914,7.656069286034341,7.814444,7.6092468958107595,7.722981574391124,7.676360457531944
1.666666667,6,15,1.9,0.0,0.81,0.0,0.00373002,31.81023577,31.793107161362734,31.655691,31.065801043579278,31.749349450327276,31.810235770000407
1.0,2,20,8.4,8.747372045,7.0444,5.5,0.00757704,2.19675977,2.184075094002055,2.1946979,2.2250254980436313,2.1573010688599243,2.196764378137507
1.666666667,6,10,3.2,4.214642894,0.54,2.65,0.00255,4.683766924,4.668269855883052,4.7917485,4.763646176633709,4.765163646145059,4.671374984403029
1.666666667,1,60,9.2,1.033780333,3.24,0.65,0.01205,21.62921741,21.640488976055778,21.810375,21.615184804644194,21.71540922225886,21.523405527273084
1.666666667,2,30,3.3,1.065588958,1.62,0.67,0.00691,42.01746255,42.051338582718074,41.761997,41.54677476965911,42.13470209908858,42.00833829327033
0.6,6,30,3.3,0.0,2.82,0.0,0.00925998,42.17996368,42.1703477550309,42.057007,41.99968126311576,42.16282802598007,42.202981017179894
0.6,6,15,9.5,22.727263,1.41,14.29,0.00571002,-0.957524077,-0.9560507128044662,-0.98660845,-0.9322302886637764,-1.0049943718205459,-0.9717199572436686
1.0,6,15,12.5,32.36527657,6.561,20.35,0.0066531,-1.924962395,-1.9425332470356846,-2.0652122,-1.979917169884204,-1.934914688391144,-1.9085256270928261
0.6,1,10,3.2,3.467140192,0.94,2.18,0.004,4.780870938,4.7488514603991545,4.6950855,4.926958643010514,4.709514328557446,4.79025786910399
1.0,4,60,4.7,0.0,7.9886,0.0,0.01253504,85.29606162,85.28737183623252,84.742516,85.0553230645262,85.31020397959779,85.29606161999983
1.0,2,60,18.8,6.759332944,7.9886,4.25,0.01253502,4.504609323,4.529686715736547,4.4311285,4.316644740221352,4.4733064618038965,4.486250944415952
0.6,6,15,1.9,0.0,1.41,0.0,0.00571002,31.81023577,31.799548473499588,31.770464,31.487495418863528,31.845286628666376,31.810235770000407
1.0,6,20,20.1,35.80060813,7.0444,22.51,0.00757704,-1.735226123,-1.7382723032812961,-2.0612154,-2.108704961726724,-1.687742153401878,-1.758585661661992
0.6,6,20,9.2,11.14892328,1.88,7.01,0.00697002,1.394777802,1.408807680247761,1.1769289,1.2603600078346848,1.3348447787080575,1.3606345097343733
1.666666667,2,15,5.7,12.13499067,0.81,7.63,0.00373,1.768538419,1.7447034553743985,1.6301829,1.6607062711509741,1.8341068771857811,1.765038286168988
0.6,1,15,13.3,14.23435996,1.41,8.95,0.00571,0.202898178,0.23751472694974787,0.3946213,0.335385385110174,0.2539400570697117,0.22534708018500008
1.0,2,30,14.4,11.97594755,7.6656,7.53,0.00910836,1.16621365,1.1775136872529064,1.1891384,1.1530621049413692,1.1704431139267353,1.1556094649154618
1.666666667,2,30,16.5,27.75302585,1.62,17.45,0.00691,-2.721979453,-2.6884362598492557,-2.342359,-2.3173388225050697,-2.6580442871183063,-2.625559782632997
1.0,2,30,3.6,0.858832892,7.6656,0.54,0.00910836,36.2552983,36.24882292506587,36.370987,36.53983557461053,36.23710643459704,36.25488765285971
1.0,1,15,7.5,5.566509483,6.561,3.5,0.00665307,1.87344505,1.8468123235640004,1.8788013,2.256948659289402,1.9137351027134981,1.8509221760103232
0.6,2,30,3.3,0.0,2.82,0.0,0.00926,42.17996368,42.169052093869006,42.829098,42.03331175168419,42.21200616828821,42.1797899207199
1.0,1,10,7.2,10.73541115,5.8785,6.75,0.00554251,0.614829016,0.6453038675043103,0.877765,0.7600895567248428,0.6086977592649827,0.6547957836399965
1.0,1,60,9.4,1.622239906,7.9886,1.02,0.01253502,21.13361411,21.13159018860821,20.654291,20.253245530301065,21.101551099998368,21.08100258590917
0.6,6,15,7.6,12.77116319,1.41,8.03,0.00571002,0.887922175,0.8598568326541635,0.7553734,0.9210528822278651,0.8585851932978139,0.9137820331171088
1.0,2,10,5.4,9.781152377,5.8785,6.15,0.0055425,1.2122568,1.223721106339658,1.3138405,1.4656253743222651,1.1249429227586463,1.219796075334994
1.666666667,2,30,19.8,36.19821595,1.62,22.76,0.00691,-4.037267597,-4.006816764330185,-3.7100759,-3.6171699233563075,-4.020589707819818,-3.9107926685760046
1.666666667,4,20,9.2,17.03351902,1.08,10.71,0.00484,0.037583817,0.06775953964546212,-0.28871518,0.03669428295368423,0.007544804341336864,0.03853195805700007
0.6,2,10,11.5,43.48239122,0.94,27.34,0.004,-2.089755424,-2.0840527330110135,-2.6274714,-2.3400109666824442,-2.0496922530610426,-2.1443122122219953
1.666666667,2,60,4.6,0.0,3.24,0.0,0.01205,86.83172108,86.83946395763505,86.69172,86.52414217589549,86.95962512707588,86.83172108000079
0.6,1,30,16.5,13.12105807,2.82,8.25,0.00926,0.701657615,0.7129586099804016,0.9371286,0.7567026616642049,0.6322352098144304,0.7038636293456604
1.0,6,15,7.5,16.95399745,6.561,10.66,0.0066531,0.0518198,0.058618397896030405,0.17223278,0.05000836034736858,0.08744757967271077,0.04932522028566689
1.666666667,6,30,3.3,0.0,1.62,0.0,0.00691002,42.17996368,42.176736094231266,42.303837,41.980730961052615,42.28099199550048,42.19133940658991
0.6,6,60,27.6,1.908517537,5.64,1.2,0.01378998,2.382183831,2.3919730771442405,2.6334276,3.3185524595852685,2.3802877681724013,2.379779010936002
1.666666667,4,60,32.5,6.027734555,3.24,3.79,0.01205,1.525071415,1.5625185242825996,1.6580678,1.8687265092505154,1.5142373989646103,1.56489093728299
1.0,4,60,33.3,3.514853131,7.9886,2.21,0.01253504,1.627944459,1.616899219303795,1.5574989,2.1781445921789437,1.6386266415398838,1.7092329462690037
0.6,6,40,7.8,2.067560665,3.76,1.3,0.00925998,13.22748332,13.240044447627616,13.042735,13.38821360485749,13.296721744187893,13.183510852110258
1.666666667,6,40,23.4,14.21845565,2.16,8.94,0.00877998,0.46839843,0.47385277055766495,0.4288494,0.5020377924891234,0.440934627396695,0.4687024028260007
1.0,2,60,9.4,1.733570096,7.9886,1.09,0.01253502,21.10658386,21.100655627577247,21.0237,20.591052494292615,21.170294365772712,21.074445547794184
1.666666667,2,60,23.0,8.874606547,3.24,5.58,0.01205,2.545141912,2.5178834528087863,2.5708547,2.419237299314854,2.4844814494916987,2.496307529834831
1.666666667,4,20,13.8,36.10279008,1.08,22.7,0.00484,-3.66873846,-3.670461975902302,-3.1181717,-3.412400861348591,-3.670608559567519,-3.6788597005060075
0.6,6,15,11.4,31.91995581,1.41,20.07,0.00571002,-2.171020048,-2.1499368867709348,-2.0652122,-2.105430440726964,-2.0542904806594624,-2.1220304561133108
1.0,6,10,12.4,51.657208,5.8785,32.48,0.0055425,-2.741458014,-2.7684777652846404,-3.094707,-2.9328237397674357,-2.819135795389551,-2.8688663742560188
0.6,6,15,3.8,3.403522941,1.41,2.14,0.00571002,7.639997775,7.6662887396259825,7.795053,7.630783751113604,7.624134365288271,7.644490939898948
1.0,2,40,24.6,24.44492879,7.9886,15.37,0.01038986,-1.421768952,-1.3940274174175011,-1.3636432,-1.335489084732151,-1.3646522159354149,-1.3934972538949928
1.666666667,1,10,9.8,18.54442874,0.54,11.66,0.00255,-0.088642962,-0.07797656024041667,-0.21640238,-0.15583708089473697,-0.0199135522931293,-0.10757353578133357
1.0,6,30,18.0,12.19860792,7.6656,7.67,0.00910836,0.719825063,0.7664074358236792,0.95136374,0.944719343405274,0.8614873973462576,0.801205652229465
1.666666667,6,10,1.6,0.0,0.54,0.0,0.00255,19.93662346,19.937615344509553,20.026417,20.117456105073824,19.87093772517754,19.936623460000146
1.0,6,60,18.8,0.0,7.9886,0.0,0.01253502,5.331003851,5.309566011072699,5.6678715,6.028562531652628,5.213513218658607,5.20491397894101
1.666666667,4,10,9.6,39.90392084,0.54,25.09,0.00255,-2.438131985,-2.3994467136150432,-2.277195,-2.4033110468649723,-2.3783275278021456,-2.452161987256989
1.666666667,1,10,3.2,2.94229787,0.54,1.85,0.00255,4.837757695,4.8772618478198995,4.8655376,5.112493063366322,4.8639947430260415,4.868246004720994
0.6,1,20,6.9,3.260384126,1.88,2.05,0.00697,4.13333204,4.193995055194186,4.3264875,5.294587891161896,4.330742782699177,4.2080062541182714
0.6,4,15,13.3,40.61961491,1.41,25.54,0.00571,-2.985047884,-2.9511735835433055,-2.725265,-2.810281467168739,-2.8846096453477514,-2.9729815714270127
1.0,2,10,3.6,4.151025643,5.8785,2.61,0.0055425,3.802371563,3.8110438517284067,4.09765,4.103155469290992,3.884328243359896,3.8083734471879835
1.666666667,2,20,11.5,24.93796248,1.08,15.68,0.00484,-1.713556079,-1.715095856970564,-1.7968471,-1.5475582879733338,-1.6350476159930452,-1.663857377872668
1.666666667,1,30,3.3,0.636172512,1.62,0.4,0.00691,42.12204392,42.117398397911394,41.88013,41.76524156543183,42.04187215227949,42.050411104660256
0.6,6,10,1.6,0.0,0.94,0.0,0.00400002,19.93662346,19.949043681954695,19.931627,20.297352275768556,19.950727622361608,19.936623460000146
1.666666667,1,60,27.6,14.79101091,3.24,9.3,0.01205,0.621623943,0.5985409749834677,0.8673993,0.5753693030988305,0.7448300461455757,0.6099319425213319
1.0,2,40,20.5,19.8644867,7.9886,12.49,0.01038986,-0.675175044,-0.6713716248393522,-0.73534626,-0.6144847973557106,-0.6905492043677004,-0.6432071482033358
0.6,4,60,32.3,7.252366641,5.64,4.56,0.01379,1.446838478,1.451977417474716,1.5447236,1.7789105716315838,1.4358900300818345,1.512933854784996
1.666666667,6,30,13.2,12.96201494,1.62,8.15,0.00691002,1.133444871,1.1010968867590925,0.95328563,1.004226053689184,1.0718610657025502,1.0916252849829997
1.0,6,30,10.8,7.936252092,7.6656,4.99,0.00910836,3.175457057,3.1694751007319795,3.2366843,3.232917580592627,3.16569222087041,3.219252105321799
1.666666667,6,10,4.8,9.90838688,0.54,6.23,0.00255,1.477300337,1.4855517410753047,1.4690992,1.5833701779297271,1.4368048568342777,1.479787370781995
1.0,6,15,2.5,1.272345025,6.561,0.8,0.0066531,18.73840838,18.73230463775538,18.546324,16.90415642459674,18.67567372799472,18.66550280260796
1.666666667,2,40,26.8,30.12276846,2.16,18.94,0.00878,-2.363326056,-2.376041741153466,-2.2351694,-2.379365280627021,-2.302410035385174,-2.3865178016839925
1.0,6,20,2.8,1.145110522,7.0444,0.72,0.00757704,26.58456888,26.573202851982447,26.512989,26.262249190842063,26.570258881988995,26.55015248882985
1.0,2,10,1.8,0.779311328,5.8785,0.49,0.0055425,16.1206057,16.117526643109937,16.188808,16.94160941757891,16.054990452007274,16.145588526079973
1.666666667,1,30,19.8,25.16062286,1.62,15.82,0.00691,-1.344951977,-1.3358625517408982,-1.1969059,-1.2918261655965677,-1.4033171843550107,-1.2841628223506716
1.666666667,1,60,4.6,0.0,3.24,0.0,0.01205,86.83172108,86.81376712472492,86.67568,86.50797733947442,86.76557942056654,86.83172108000079
0.6,2,60,13.8,4.007886828,5.64,2.52,0.01379,9.122148456,9.142624904109445,9.071158,8.944904443852167,9.186361721992911,9.090963166461458
0.6,4,40,19.5,14.74329797,3.76,9.27,0.00926,0.563737859,0.5659634331041579,0.59370345,0.5307572360712545,0.6726072010814903,0.5533434872779052
0.6,2,60,23.0,10.36961195,5.64,6.52,0.01379,2.206100927,2.243887469712126,2.3531313,2.01514651478757,2.2600025318688095,2.2211603987398663
1.0,6,10,5.4,12.75525887,5.8785,8.02,0.0055425,0.804081512,0.7958749565086376,1.0201442,0.8502620231510442,0.7956679879598827,0.7982048523496708
0.6,4,30,6.6,4.421398961,2.82,2.78,0.00926,9.845573608,9.849636962774156,9.709442,9.565016801268667,9.882761444957161,9.832396097473218
1.0,2,15,5.0,6.600289816,6.561,4.15,0.00665308,4.014230992,3.997755429673971,3.8298473,3.860621621829312,3.982850135954294,3.9742556871988164
0.6,1,30,13.2,8.413381476,2.82,5.29,0.00926,2.003110081,1.9598083628733116,1.8680749,2.172991560334497,1.9575624169609984,1.97617214621121
1.0,2,40,16.4,12.23041655,7.9886,7.69,0.01038986,1.533355945,1.5069001245348295,1.003182,1.3688583911062244,1.5672560383984093,1.479180398629503
1.666666667,6,60,9.2,0.0,3.24,0.0,0.01204998,21.70793027,21.726053755084134,22.4236,21.62135254480016,21.75108811603416,21.691454758441196
1.666666667,4,15,9.5,29.64563908,0.81,18.64,0.00373,-2.521782288,-2.509354143129711,-1.8963857,-2.3147693812024803,-2.4174029784923725,-2.4960055668303327
1.0,4,40,20.5,11.75328717,7.9886,7.39,0.01038988,1.058715138,1.0826136056553277,1.0983547,1.174720050097476,1.0119500098463252,1.055583693749972
0.6,2,40,11.7,5.121188724,3.76,3.22,0.00926,5.43457763,5.445063126293904,5.3528323,5.2416590178776135,5.451624917290356,5.394995216729022
1.0,6,60,33.3,0.0,7.9886,0.0,0.01253502,1.699167637,1.7083169054049552,2.3716092,4.243693106364235,1.7481998784138355,2.060118138193992
0.6,4,10,11.45,46.23383734,0.94,29.07,0.004,-2.434095792,-2.4438579234738707,-2.7062168,-2.741829722958376,-2.4563255465881486,-2.3549618503689937
1.666666667,4,10,9.8,40.93770117,0.54,25.74,0.00255,-2.490318053,-2.50422017760302,-2.3987455,-2.528605989716644,-2.4629271821796657,-2.47047083472699
0.6,4,20,4.6,3.546661756,1.88,2.23,0.00697,9.236207068,9.200206523908935,9.113098,9.01410294838632,9.268340331727668,9.231130392538955
0.6,6,30,6.6,2.671924552,2.82,1.68,0.00925998,10.28956478,10.311875668233183,10.4459915,10.307833403082876,10.203968973995455,10.274233021362715
1.666666667,4,30,16.5,21.18454466,1.62,13.32,0.00691,-0.8818672,-0.863430783286128,-1.3681384,-0.8090744534052663,-0.914021065346418,-0.8791911497489989
1.0,2,10,10.8,50.25762848,5.8785,31.6,0.0055425,-3.396750744,-3.381057889896575,-3.094707,-3.2438045761939382,-3.3029086569781096,-3.3370463431730104
1.0,4,30,7.2,3.991982515,7.6656,2.51,0.00910836,8.595263342,8.666544179840598,8.814178,8.620854671688884,8.58024402209042,8.577712886382084
0.6,4,30,16.5,18.65575892,2.82,11.73,0.00926,-0.305138421,-0.315161750696084,-0.31169963,-0.32349608353122866,-0.39473663279484406,-0.3029614393019991
