AR,phi,R/L,Fr,Qa/Qw,sigma,gbm,xgb,catb,xrt,rf
0.6,20,0.001743,31.653,2.318802708,-2.652348572,-2.6255659477988114,-2.513741,-2.4913391692794455,-2.6523951388605527,-2.1679231430119734
1.0,30,0.001518,10.51015,0.578740272,8.5512575,8.573484274354916,8.625961,8.62077124404108,8.552383661044214,8.455582240676652
0.6,10,0.001,20.76,1.252464634,4.712516145,4.7142118959452075,5.124926,4.722606160856667,4.712516145000036,4.571307449634728
1.666666667,60,0.003013,10.716,0.178923519,5.227410529,5.216603943350893,5.5921035,5.2237524579129815,5.226748165593508,5.031759315670672
1.0,15,0.001109,38.19735,2.368152177,-1.063137849,-1.0498741928817732,-0.96831733,-1.1131912147560818,-1.0633747066063215,-0.9075054160359272
0.6,10,0.001,62.28,3.687812533,-1.801254199,-1.8063104238911871,-1.995247,-1.7889224366756054,-1.8010957924424813,-1.8356376122215592
1.666666667,60,0.003013,8.037,0.227039828,9.326625946,9.350181855178734,9.325264,9.516151153504069,9.32662594600003,9.16261785968262
1.666666667,60,0.002008,16.074,0.054743106,2.393310238,2.396868735367393,2.1306689,2.3457928518227282,2.3930633824035783,2.3658908738742577
0.6,20,0.00697,5.275,0.0,38.59187603,38.547150109515464,38.187412,38.55745428002848,38.59187602999975,38.90703939215572
1.0,10,0.005543,35.86841,0.986656443,1.622004843,1.6695390398500434,2.1604688,1.7781613953828588,1.62200484300001,1.6057551869940154
1.0,20,0.001894,21.59441,1.050820668,2.182690989,2.2004758335446835,2.2262084,2.1873353995377975,2.182312760047466,2.1339433062814326
1.666666667,60,0.002008,13.395,0.038032052,3.464251796,3.4723926343923894,3.3334055,3.464613304455697,3.4642517960000037,3.5918958593233503
1.666666667,10,0.001275,83.883,2.955280982,-0.980954522,-0.9695767572021543,-0.96039337,-0.9417182415398315,-0.9809167088323391,-0.9393741545449097
1.666666667,20,0.00484,27.841,0.755454858,2.016680834,2.0407699859318305,2.0963538,1.8978658729110691,2.0166808339999993,1.7508555449161676
1.0,30,0.009108,37.36941,1.276072598,-1.883711527,-1.8959949145542916,-1.9452192,-1.9101447652384262,-1.8822747184183892,-1.9000464692694619
1.666666667,10,0.001275,82.171,2.952238065,-0.955468447,-0.9679111344201853,-0.96039337,-0.9296616631701973,-0.9555062601676484,-0.9418619974371243
0.6,10,0.000667,51.9,3.395570785,-1.199120535,-1.2052566588232752,-1.0963914,-1.264346437791069,-1.1995559392908066,-1.221570215407183
1.666666667,60,0.002008,2.679,0.0,86.83172108,86.77306516516356,86.872444,86.75832371456575,86.83172108000048,86.50987628299379
1.666666667,20,0.00121,6.96,0.518618896,38.4055734,38.39089133966244,37.97193,38.34251763546764,38.405573399999874,37.05673996437133
1.666666667,20,0.00121,51.446,2.618598327,-4.043228513,-4.076297135354744,-3.6934056,-3.9185509020456273,-4.043228513000015,-3.8102834621796378
1.666666667,20,0.000807,41.762,1.777134083,-1.115577248,-1.12294970324625,-1.6755737,-1.2981918727785011,-1.1168942676385796,-1.3134729266407155
1.0,20,0.001263,35.99069,1.373451013,-0.271786383,-0.26357796937019695,-0.31852138,-0.25125260900019164,-0.2708925950286854,-0.23822197871856254
0.6,40,0.00926,18.976,0.632774155,0.381972312,0.3889306353404492,0.42097455,0.36710507092157485,0.38413698126914064,0.5539675613892224
0.6,15,0.001428,6.71,0.0,31.81023577,31.82096603173446,31.766169,31.95128536690712,31.810235770000183,31.80526762652692
1.666666667,60,0.006025,18.928,0.429661128,0.588666358,0.6275398087597095,0.13606353,0.5867679309054683,0.5886663580000031,0.7683772477544898
1.0,10,0.002771,47.82455,2.542481117,-0.138293277,-0.14632184738601473,-0.43842393,-0.24120627254234073,-0.13825815861127647,-0.1782699038742515
1.666666667,10,0.000638,13.695,0.0,19.93662346,19.98054131847188,20.145002,20.005487283994142,19.936623460000124,19.69806941050904
0.6,60,0.003448,4.061,0.030732972,21.67812185,21.655155264271595,21.924068,21.491929490673883,21.67812185000002,22.213652668083828
1.666666667,40,0.00878,4.173,0.0,53.68863227,53.711112772460076,53.70899,53.507988787565544,53.68863226999984,52.64847932766473
0.6,40,0.002315,3.163,0.0,53.68863227,53.690018170575776,53.95674,53.716526021061625,53.68863226999984,53.827555692634796
1.0,40,0.01039,3.96839,0.0,49.8166436,49.78403150042364,49.782646,49.76017200921775,49.816643599999644,50.92707109251505
0.6,15,0.00571,26.838,0.711508731,1.790895048,1.7823793685697782,1.9002794,1.83128378692862,1.790895048,1.95462223397006
0.6,40,0.00926,6.325,0.121434639,13.21531902,13.23276447203622,13.779517,13.271071003107773,13.215319020000031,13.387214336083815
0.6,60,0.006895,4.061,0.171144236,21.52533506,21.532399111031275,21.487165,21.65057764865918,21.525335059999875,22.0664112798204
1.0,30,0.004554,15.76522,0.71863932,3.213086484,3.2602176231866578,2.7717865,3.1847433740618474,3.215220690191382,3.148509846988015
1.0,20,0.003789,14.39628,0.718534132,6.309112155,6.2804667799733735,6.109628,6.352295598334479,6.309112155000041,6.174902527838316
0.6,20,0.00697,10.551,0.331916093,9.57165945,9.590438460444293,9.237965,9.474274394889928,9.571024542745773,10.034796741586828
1.666666667,10,0.000425,82.171,3.939630819,-2.133859055,-2.123530175399081,-2.060775,-2.1286095790162207,-2.1327979398133947,-2.2007698796407182
0.6,10,0.000667,41.52,2.723613569,-0.038517822,-0.009654417070269641,-0.06552955,0.07252498742702596,-0.03835091774777431,-0.07599364668862271
0.6,10,0.001,41.52,2.880171648,-0.190439342,-0.21756264550533122,-0.18830548,-0.22945503014062218,-0.19038935878041455,-0.3479913218982032
1.666666667,40,0.002195,16.691,0.77686451,1.68339859,1.6898329297946686,1.8241974,1.6061897033674093,1.685156733842989,1.7669879638143724
0.6,20,0.003485,21.102,1.426201964,1.003078585,0.9713615951073248,0.7742247,1.1094989627018732,1.0030785850000044,1.0485165499101774
1.666666667,15,0.000933,17.705,1.238862261,7.354573109,7.35580032243282,6.9502277,7.338546159730513,7.354573109000006,6.525925305574862
1.0,20,0.003789,35.99069,1.79377928,-1.217416258,-1.2701705582390734,-1.5509645,-1.3351293521109575,-1.2184310847305735,-1.2998036498622776
0.6,30,0.00463,16.481,1.443436875,-0.610887917,-0.5939558153811285,-0.57539743,-0.6287927036889478,-0.6108879170000049,0.03842326868263481
0.6,60,0.003448,2.031,0.0,86.83172108,86.78029675669124,87.50774,86.85592308181991,86.83172108000048,86.67539646431113
1.0,30,0.002277,37.22344,1.209351472,-1.61303051,-1.6447297889199282,-1.6853576,-1.6360941195803225,-1.6128131720059284,-1.5515557533892184
0.6,10,0.000667,31.14,2.276304771,1.317910384,1.294915893387037,1.4290072,1.3266404924985205,1.3180278162774508,1.2888288693293393
1.666666667,20,0.00484,13.921,0.459842088,9.501502018,9.534291799415671,9.569405,9.521553908867782,9.501502017999993,9.217455978125775
1.0,30,0.004554,31.53044,1.215649095,-1.352229618,-1.327363400069603,-1.2537142,-1.410888291293368,-1.3537037651424417,-1.478063461401196
1.0,30,0.001518,31.53044,0.762817966,0.079630391,0.04566518470245441,0.028659638,0.11568497312257531,0.07963039099999947,0.005910080706586806
0.6,10,0.004,62.28,3.076490509,-1.085184283,-1.077799061200449,-1.2162426,-1.140322520458529,-1.085476414845691,-1.1152867864131726
0.6,40,0.00926,15.813,0.487732259,1.488454451,1.4845391751686539,1.0465422,1.340790443754039,1.4834005161192843,1.395160197461076
0.6,15,0.001428,26.838,1.588338608,1.005190626,1.0149771992856151,0.85611224,1.0306416246468224,1.0051906260000008,1.0996951509580846
0.6,10,0.001,31.14,2.173589417,1.397059739,1.3959911468477808,1.4268156,1.2741992802346864,1.3969423067225488,1.332634984964074
1.0,60,0.003134,9.90493,0.088827279,5.280562331,5.2477737250840715,4.9051633,5.107410779495767,5.279742247112798,5.244422094137738
1.0,10,0.000924,59.78068,4.115682726,-2.361836666,-2.367469393030827,-2.374003,-2.3066025581840783,-2.3616884515919985,-2.412075737868257
0.6,10,0.004,41.52,2.606816271,0.069291758,0.06627456959534553,0.052200083,0.12931508936141256,0.06913180313353086,-0.0888406982514969
1.666666667,40,0.002195,4.173,0.244681736,53.52275556,53.50893866783675,53.945988,53.64662468301235,53.52275555999981,52.629063387724656
1.666666667,10,0.000638,54.781,2.982058652,-0.29386874,-0.28700585498190767,-0.5615097,-0.42430774191246634,-0.2937152839198794,-0.580478558772454
0.6,20,0.00697,26.377,0.619576708,1.277778623,1.30088035740367,1.682568,1.2484440011685347,1.2777786230000046,1.345374502275447
0.6,30,0.001543,24.721,0.906063881,-0.107781861,-0.12587293759213783,-0.21390195,-0.21831451014466552,-0.11028657707344175,-0.04861800239520937
1.666666667,60,0.006025,16.074,0.437944845,1.21634335,1.1529509810962648,1.2456924,1.1167197570971128,1.2163433499999925,1.400924444359278
1.666666667,30,0.003455,38.052,1.885108592,-4.67749855,-4.616703797671932,-4.433245,-4.580339122461208,-4.677498550000036,-4.10392865831736
0.6,15,0.00571,13.419,0.232519193,7.845917134,7.851554862676798,8.029637,7.968259350370618,7.845917134000036,10.224888389485047
1.666666667,30,0.003455,21.744,1.459100213,-0.681742337,-0.7371399874194408,-0.7594125,-0.5112718256745499,-0.6817423370000023,-0.7806964269940134
1.0,60,0.012535,2.47623,0.0,85.29606162,85.30010157029407,85.661865,85.33667697093712,85.29606161999985,85.67307981077826
0.6,10,0.000667,62.28,3.437650946,-1.492583027,-1.4966566836249557,-1.6077998,-1.503514667851876,-1.4934742877129998,-1.4007103523353266
0.6,10,0.002,10.38,0.194386045,19.90349833,19.87676422984356,20.256481,19.720329952474113,19.903498329999884,19.021720979467037
1.0,40,0.005195,11.90517,0.527557693,4.744407757,4.720404855436538,4.7272058,4.628194371900977,4.745783724705808,4.670122964592806
0.6,30,0.001543,16.481,0.919317475,1.319095804,1.291226646634587,1.3411359,1.2670651929579764,1.3201106619777567,1.4227120314850294
0.6,15,0.002855,20.129,1.029594987,3.12144436,3.103491052638685,3.087976,3.144459187910045,3.1214443600000243,3.232777812119763
0.6,60,0.003448,8.122,0.171144236,5.244387356,5.242183093336629,5.5021167,4.950613971648844,5.244387356000011,5.499893421586813
1.0,40,0.001732,7.93678,0.257960196,12.26509277,12.265494487971516,12.434863,12.092970385605138,12.265092770000047,12.143166624245493
0.6,40,0.00926,22.463,0.706794551,-0.31983344,-0.31702612986557155,-0.28938067,-0.4793304824692921,-0.3198334399999975,-0.015573064694610788
0.6,40,0.00926,9.488,0.362944574,5.600428743,5.636993790832021,5.4706116,5.585623543956906,5.600428743000019,5.342771181778433
1.666666667,10,0.001275,13.695,0.984079355,19.76892751,19.718014409379425,19.13809,19.602733820661776,19.768927510000086,17.148404380676666
1.666666667,10,0.000425,54.781,2.818045426,-0.129137113,-0.12220613497181484,-0.07793179,-0.17195850318701922,-0.12906513291394586,-0.215058560814371
1.666666667,30,0.001728,38.711,1.476732364,-2.566904897,-2.564014828688486,-2.6213949,-2.6677891175724984,-2.5669048969999806,-2.2612289809341277
0.6,60,0.01379,10.153,0.423884511,2.353160774,2.3290495287651565,2.481964,2.353398198328871,2.3531607740000022,2.539620910994015
1.0,60,0.006268,14.8574,0.380124356,1.445601218,1.4759471719875423,1.4675777,1.303286719785202,1.446001956824917,1.4380948858562876
1.0,15,0.001663,47.74669,2.83096768,-2.448500701,-2.4412237137780393,-2.3593993,-2.3835543551074387,-2.444649971597309,-2.471640274808383
1.0,10,0.001386,71.73682,4.503276719,-3.152505481,-3.2591639254334184,-3.1535625,-3.200212591497337,-3.152505481000018,-3.1801801387305355
1.666666667,30,0.001152,27.18,0.79521564,0.701657615,0.6992400851666009,0.7122774,0.6803198598231557,0.7016576149999951,0.6654021529580846
1.666666667,15,0.000622,35.41,2.444241758,-0.339593285,-0.3337387069298129,-0.4720893,-0.4243334809685688,-0.3409741661038601,-0.6135345156886243
1.0,40,0.01039,7.93678,0.279295249,12.23252504,12.217254274628683,11.894749,12.216163895104767,12.232525039999953,12.094106703131718
0.6,60,0.01379,4.061,0.133112183,21.59747144,21.587102758209006,21.478289,21.47052902921553,21.59747143999995,22.063249376263453
1.0,15,0.006653,47.74669,1.2659833,0.113305343,0.10551892277215255,-0.102977015,0.2956749213653911,0.11422484279821991,0.13391446230538934
0.6,20,0.003485,26.377,1.511601209,-0.039018327,-0.006026067279813514,0.17654364,-0.17962015897261807,-0.03891066353857599,0.07695424271257482
1.0,10,0.000924,47.82455,3.483486292,-1.145252173,-1.1341852419628993,-1.3923256,-1.1882531995974634,-1.1452521730000027,-1.22513551735329
1.666666667,10,0.00255,13.695,0.477129384,19.89720182,19.885287253788434,19.726566,19.655200617188886,19.897201820000124,18.339873907161714
1.0,60,0.002089,2.47623,0.0,85.29606162,85.38572987234254,85.111115,85.33509536548308,85.29606161999985,85.64549311389204
1.0,15,0.001663,9.54934,0.451682484,18.76038418,18.753795383132484,18.20397,18.58240363044296,18.760351574955546,18.886785311149715
1.0,15,0.006653,19.09868,0.499395422,4.610827923,4.632528102767167,4.927658,4.70939549172949,4.61082792299999,4.509714693287418
1.666666667,10,0.000425,68.476,3.475092349,-1.293732464,-1.2972890534458805,-1.3141738,-1.321049573205471,-1.294961058772835,-1.3349653946946085
1.666666667,20,0.000807,34.802,2.109050177,-1.537356513,-1.5252845199686418,-1.4788004,-1.3896891510856904,-1.5393688482923915,-1.5519516426467044
0.6,30,0.001543,20.601,0.94943928,0.282318546,0.2804474198237622,0.2547336,0.33159022853358344,0.28021168421735837,0.3383924308323351
1.0,30,0.004554,37.51539,1.413441652,-2.479764638,-2.479845336009057,-2.4027493,-2.368992007859827,-2.477553875436207,-2.3729515694431167
0.6,60,0.01379,12.183,0.391845388,1.454810721,1.4395501102058634,1.3653325,1.548971333161302,1.453650807436203,1.6086375475868273
0.6,30,0.00463,8.24,0.655450467,9.875438484,9.892990981144457,9.672082,9.837754156725586,9.875379511544459,9.891203498994
0.6,60,0.006895,12.183,0.441978548,1.194216807,1.2500771422963377,0.9122281,1.4137928190835263,1.1966522037774412,1.5844918502574854
1.666666667,15,0.000622,53.115,2.949273445,-2.505408565,-2.4845445941941535,-2.452036,-2.403207058584325,-2.5068959815221175,-2.569969738419158
1.0,20,0.001894,28.79255,1.464048795,0.146437166,0.16122168352015812,0.15947706,0.09286506515770299,0.14697752228585456,0.0008829086826347419
0.6,20,0.001162,36.928,2.081390502,-2.213158233,-2.2213479214126286,-2.3591905,-2.3073745040847786,-2.208893105553495,-2.0684562823353305
1.666666667,20,0.000807,27.841,1.685511412,0.444170684,0.4798641031811095,0.60712737,0.4419311433756876,0.44347715183234376,0.39311021855688605
0.6,60,0.002298,10.153,0.056855997,3.371249521,3.4146879181110505,3.5869524,3.29674311937345,3.3694811672440523,3.5814910612694555
0.6,60,0.002298,6.092,0.0,9.647969009,9.653987472776535,10.174075,9.230176197498167,9.647969009000006,10.27728736425748
1.666666667,15,0.00373,35.41,1.113301897,1.505224679,1.5126866354135087,1.382278,1.5859458620603792,1.5052246789999915,1.1593796758562878
1.666666667,20,0.00242,6.96,0.394150361,38.48426763,38.469120240621415,38.61297,38.28991520581105,38.484267629999955,36.45667012334142
0.6,20,0.001743,26.377,1.832453432,-0.782209838,-0.8188214122610832,-0.76078063,-0.796522946084087,-0.7822098379999992,-0.49029480782035934
1.666666667,60,0.01205,8.037,0.240869665,9.286285216,9.299908749012605,8.846821,9.307222756697147,9.286285216000012,9.09111089710178
1.0,40,0.01039,28.35947,1.256060745,-3.507189394,-3.4447227129050217,-3.1970763,-3.37671236483777,-3.5071893939999996,-2.915136224245516
1.666666667,30,0.00691,10.872,0.375920121,10.32475103,10.310770674857132,10.431165,10.404393095000477,10.32475102999992,10.10929304242516
0.6,40,0.00463,3.163,0.0,53.68863227,53.731340559769066,53.827824,53.60964589579724,53.68863226999984,53.7587567047306
1.666666667,40,0.00878,20.864,0.711208245,0.746100873,0.7505421996965581,0.75706786,0.7323340250310499,0.7443980570059306,0.7532882656586841
1.666666667,40,0.001463,4.173,0.236525678,53.5336297,53.535152832487505,53.29986,53.437038711729805,53.533629699999764,52.86820084107793
1.0,60,0.012535,14.8574,0.540859432,0.499237462,0.4962087253275057,0.87463486,0.534936695640754,0.49845243812670476,0.7777110774011968
1.0,10,0.001386,82.3645,4.639185438,-3.481482872,-3.345186441895974,-3.1535625,-3.462490348659042,-3.48148287200001,-3.334972787748505
1.0,20,0.003789,28.79255,1.339086337,0.395252154,0.37721067190213153,0.04628892,0.1689953787335261,0.39396279199109946,0.2606701862514967
1.666666667,20,0.00484,34.802,0.914152241,0.964833918,0.96471723848967,0.54809296,1.0646192312579448,0.9648339180000055,0.7730693722455071
1.666666667,30,0.003455,16.308,1.032977084,3.02368574,3.017452711734099,3.0315251,2.8626986598758712,3.0260142293155425,2.2796769221437154
1.666666667,20,0.00242,52.656,2.714701669,-4.430356863,-4.378539065413788,-4.0753274,-4.321972584235571,-4.430356863000024,-4.037392304083834
1.0,30,0.002277,21.02029,1.081272378,0.403086996,0.3838542811467175,0.4296637,0.43652994266228884,0.4055456504819486,0.2828242710359278
1.0,40,0.001732,23.81034,0.388556585,0.954831026,0.9631186740100295,1.3572502,1.0337319275726982,0.954170330943621,0.893905539700596
0.6,15,0.002855,13.419,0.799400986,7.703573355,7.697078284165145,7.621391,7.682745406640349,7.703537720814522,7.930220352257475
1.666666667,15,0.00373,8.852,0.0,31.81023577,31.84418294303075,31.619362,31.754212165433852,31.810235770000183,29.55684265920956
0.6,40,0.001543,22.058,0.529169231,0.327918925,0.3303586176360267,0.06585417,0.3194923019134297,0.3289356212136518,0.4393804283053895
1.0,15,0.006653,38.19735,1.156243541,0.643455372,0.5851193060117326,0.59994435,0.44724450319749476,0.64266879925668,0.7004284828323359
1.666666667,20,0.000807,20.881,1.198585893,3.292900159,3.27662383165401,3.4222136,3.2212454533263157,3.2926466285311857,3.4270914057425186
1.666666667,40,0.00439,4.173,0.26507188,53.49395752,53.50927737071805,53.211937,53.46521970009262,53.49395752000022,52.56491361407183
1.0,15,0.003327,67.60931,2.985877484,-3.186321588,-3.190481240435459,-3.1080546,-3.2037782106295793,-3.1853143426623425,-3.0483493164970037
0.6,20,0.00697,21.102,0.511703977,2.230624568,2.200897630090023,1.7829933,2.1773973312217887,2.2306245680000147,2.093702232431136
0.6,30,0.001543,29.091,0.914668634,-0.457763294,-0.40601122003462253,-0.55634886,-0.4921914741329747,-0.45530598107022746,-0.4545180525568874
0.6,30,0.00926,24.721,0.934980814,-0.190751919,-0.20746610060748696,-0.36915115,-0.15045177759057715,-0.188309222459199,-0.25450496843113785
1.666666667,30,0.001728,5.436,0.366281143,41.97087335,41.982494618771064,42.27532,42.011401232339836,41.97087334999974,41.274095609760536
0.6,10,0.004,74.931,3.19876352,-1.389263853,-1.3976950172571918,-1.4062016,-1.3908667621732604,-1.3894056040741762,-1.3694748147305367
1.0,40,0.005195,7.93678,0.384030968,12.0351306,12.00625830811579,11.92851,12.00680921073219,12.03513059999989,12.01554155854492
1.0,10,0.002771,59.78068,4.046764037,-2.261940155,-2.278375352617039,-2.47255,-2.299906834239893,-2.262088369408023,-2.310284127461072
1.0,10,0.005543,59.78068,2.880447764,-0.827218167,-0.8278851989933743,-0.8690235,-0.805045562930065,-0.827218167000006,-0.6870873472874239
0.6,60,0.003448,10.153,0.194309213,3.237898567,3.2617344013386234,2.9911468,3.365601395545367,3.236525913404304,3.4135282423053903
0.6,60,0.006895,8.122,0.392421631,4.466983726,4.463987114696614,4.7647514,4.324037389092917,4.467313431908029,4.794299877089813
1.666666667,10,0.001275,41.085,1.752787807,1.683168888,1.6746969506401284,1.8686523,1.688000150387004,1.6831688880000029,1.4892935824251532
1.0,20,0.007577,35.99069,1.184871304,0.070904985,0.11229013800839961,-0.024484733,0.16329411679262407,0.07111707585756642,-0.018781433383233556
1.666666667,10,0.000638,41.085,2.276304771,1.317910384,1.3350079817757037,1.4828703,1.370032272122442,1.317910384000003,1.1891937734790394
1.666666667,60,0.006025,8.037,0.308866365,9.053257882,9.062408533425174,9.540508,9.29202435404606,9.053000814870867,8.8878820058563
0.6,10,0.002,41.52,2.803135133,-0.114623483,-0.10132198958635204,-0.29724014,-0.20940468456134198,-0.11479262140207734,-0.20783792671257495
1.0,15,0.001663,57.29603,2.84793228,-2.717283728,-2.7287895285120687,-2.6509693,-2.645087889846872,-2.716804363453848,-2.6463879954071823
0.6,30,0.002315,24.721,1.243428092,-1.237941196,-1.2949043015217077,-1.5952537,-1.2760884046870764,-1.2353252461774529,-1.0556275691856292
0.6,20,0.001162,26.377,1.644367646,-0.329249016,-0.33111892168769425,-0.25478172,-0.40982589559299676,-0.3288184066691413,-0.10361784862874238
0.6,15,0.002855,26.838,1.523465753,1.083844505,1.0632381394121826,1.2629678,1.1042170536740885,1.0838445050000016,1.2041760033293425
1.666666667,60,0.006025,5.358,0.238564692,21.35313553,21.343567863147324,21.515316,21.441307400896086,21.353135530000095,21.56960595961677
0.6,60,0.002298,13.905,0.078764216,1.813035646,1.836808848081702,1.8976388,1.8462663694363668,1.8124237733353143,2.3219932314011995
1.0,40,0.001732,19.84195,0.354549803,1.635501947,1.6064446464356794,1.7792724,1.571860709627817,1.6349166662819057,1.4257056380299369
1.666666667,40,0.002195,20.864,0.733229601,0.657970576,0.6733691839231898,0.77105564,0.7187632301547993,0.656737615464389,0.7420787963053876
1.0,20,0.003789,43.18883,2.236070646,-2.809839129,-2.807460550737686,-2.6136923,-2.7308560553609524,-2.8098391290000087,-2.5832249607185673
1.666666667,15,0.00373,26.557,0.887293241,3.227724438,3.246193214005944,3.3672748,3.4967707871040865,3.2277244379999965,2.9579272008383195
1.0,15,0.003327,57.29603,2.794917904,-2.597756281,-2.6119510902125525,-2.528499,-2.629879170565461,-2.5962137376593875,-2.5326201959520915
0.6,60,0.01379,14.125,0.41947625,0.697364416,0.6953746759177455,0.61731553,0.7658846054016308,0.6973644159999993,0.9052802481796405
1.0,20,0.007577,28.79255,0.908817875,1.082273546,1.063307897416302,1.0327408,0.9110900158812498,1.0822735460000064,0.8407853190239517
0.6,60,0.006895,2.031,0.0,86.83172108,86.80997316003369,86.95408,86.8824462256745,86.83172108000048,86.73056985808358
1.0,60,0.012535,17.54437,0.492412808,0.149087559,0.1395555150329714,0.04182797,0.32693277516400876,0.1503805760940663,0.4520551055149703
1.666666667,40,0.00439,12.518,0.656562657,4.771045185,4.782133243095545,4.581488,4.94368483305106,4.770876205063581,4.59906141268264
0.6,40,0.00463,15.813,0.761775803,0.539728127,0.4792665612118658,0.86970276,0.6856638002140798,0.5422235196158234,0.7951271111017962
1.0,15,0.003327,9.54934,0.27355418,18.81200064,18.811231471662598,18.914402,18.78149480437576,18.812000640000118,18.746888858251477
0.6,30,0.00463,24.721,1.723770469,-3.459216316,-3.3998801736749766,-3.2448487,-3.403891767791688,-3.4592163160000178,-2.869150298119759
0.6,60,0.01379,8.122,0.344017201,4.689205508,4.705240104912192,4.8334746,4.63078648058095,4.688875802091976,4.906416573395201
1.666666667,20,0.00121,13.921,0.954258769,9.017222812,9.072091358820419,9.375363,9.156048673249822,9.017403058109792,8.784130733239522
1.666666667,30,0.001152,16.308,0.743807761,3.824426435,3.814984749729064,3.8567758,3.7699037143530854,3.8225258533293824,3.469079872173656
0.6,30,0.00463,29.465,1.643670294,-3.385778891,-3.413846650243423,-3.5339675,-3.3383647033660466,-3.3857788909999793,-3.0054617639221477
1.0,10,0.001386,35.86841,2.382701678,0.786710352,0.785909402991799,0.9427642,0.6904796368894175,0.7867361252344213,0.6503786812215568
0.6,40,0.00463,12.651,0.608645817,2.329151445,2.34726988249878,2.308825,2.1301908868957424,2.3301928851070595,2.479988244131733
1.666666667,10,0.000638,27.39,1.635162161,4.52115267,4.482972701339857,4.1644087,4.339803518866613,4.521152669999994,3.8421504116826313
1.666666667,15,0.00373,61.967,1.580864777,-0.324531973,-0.33748296506328984,-0.3523511,-0.36512007548776637,-0.32453197300000214,-0.34235429782634674
1.666666667,20,0.000807,13.921,0.857449908,9.13870869,9.138791714202004,9.670508,9.213749153590456,9.138528443890166,9.09220497747904
1.666666667,40,0.001463,28.567,0.632002842,0.038808306,0.005030587855693842,-0.15660156,-0.08066515180106748,0.038808305999999966,-0.05068226835329342
1.0,30,0.009108,15.76522,0.4918556,3.651829592,3.6340200617180947,3.9424794,3.7011365681355652,3.6479414074080228,3.495820842988028
1.0,10,0.001386,47.82455,3.381875404,-1.021373478,-1.0255015057142638,-1.2286202,-1.0435195034062232,-1.0213734779999921,-1.1303790208263442
1.666666667,40,0.001463,8.345,0.458778254,12.83899775,12.834497166266598,13.305897,13.079667271992577,12.838997750000063,12.603260503305417
1.0,20,0.007577,51.67235,1.677469809,-1.480576669,-1.5231296704528197,-1.626454,-1.4337191905138535,-1.4809544871810134,-1.4425073290239476
1.666666667,40,0.00878,28.674,0.888386428,-1.049733014,-1.0353026394828921,-1.0825047,-0.9580273036336813,-1.0493870737685516,-0.8972297889401184
0.6,40,0.00463,22.301,0.906256661,-1.195734303,-1.1570285875170134,-1.109441,-1.2361893493930438,-1.1962574230969296,-0.8891471703652682
1.666666667,40,0.001463,16.691,0.571943557,2.449204715,2.486443748975511,2.7438214,2.307080037854327,2.446647032427532,2.2588424841017987
1.666666667,15,0.000622,61.967,3.178470936,-3.287049406,-3.2956622296283573,-3.0054057,-3.240229436090452,-3.2870494060000253,-3.1710980134371245
1.0,30,0.009108,10.51015,0.307041595,8.93589336,8.944335098714175,8.899347,9.028465633317973,8.935231047766337,8.97910358471855
1.666666667,15,0.000622,26.557,1.576480129,2.566144067,2.5884158396369825,2.824629,2.6188838529183194,2.5661440669999886,2.468092819766464
0.6,40,0.002315,12.651,0.593353209,2.380080779,2.3892129409114746,2.4995537,2.2298412391280396,2.380517716626356,2.535269251293417
1.0,30,0.009108,21.02029,0.686977956,1.517381129,1.561291804491234,1.4758748,1.5691907296144612,1.5167006156602376,1.288554837568862
1.666666667,40,0.00439,20.864,1.035003741,-0.820470125,-0.8328873066683583,-0.51140845,-0.6633161404817791,-0.8197459296874438,-0.6549248477485031
1.0,60,0.003134,4.95247,0.0,21.32401541,21.312576182950835,21.585861,21.30848440354174,21.324015410000115,21.432332575023906
1.0,20,0.007577,14.39628,0.389087653,6.568308757,6.562970660790002,6.400738,6.435037513896769,6.568308757000027,6.302558435293401
1.0,60,0.012535,7.4287,0.305678636,8.879994637,8.88422090329137,8.900217,8.741943732466035,8.88014396304746,8.959838316748492
1.0,10,0.000924,11.95614,0.653843971,16.07797496,16.081095171794658,16.058638,16.003567027506506,16.077974959999942,16.191042492658674
1.666666667,40,0.002195,12.518,0.685108859,4.664930166,4.684699617302426,4.6013618,4.838761811400676,4.666369763469565,4.614258526922152
1.0,15,0.006653,57.29603,1.56922553,-0.460503106,-0.42003285499943693,-0.09026249,-0.48155622641393947,-0.46050310600000216,-0.44150136819161667
1.0,10,0.005543,83.02873,3.206309462,-1.490625318,-1.4910562484963552,-1.52696,-1.47121916988144,-1.4903245421394755,-1.4261835580898239
0.6,40,0.00926,3.163,0.0,53.68863227,53.71042281132652,53.215763,53.85622606006031,53.68863226999984,53.62203790904198
1.666666667,10,0.001275,68.476,2.683852786,-0.449860304,-0.44657184565559654,-0.5651327,-0.4520540547510432,-0.4498603039999984,-0.40915645542514906
1.0,20,0.001263,43.18883,1.558243981,-0.98298053,-0.9767603403254715,-0.8282858,-1.0762138377792798,-0.9829805300000025,-0.948376530167665
1.0,10,0.005543,71.73682,3.1219577,-1.282081147,-1.2948042937618465,-1.5460314,-1.3239463831527658,-1.2819480399406509,-1.2937609537245538
1.666666667,60,0.002008,10.716,0.039184539,5.378525252,5.383325207250731,5.456535,5.22750289879005,5.378525251999969,5.14932928756288
1.0,60,0.006268,7.4287,0.323726083,8.807377148,8.776797967257783,9.065052,8.718079988810818,8.807484889081529,8.924231433718546
1.0,10,0.000924,71.73682,4.495913612,-3.140738704,-3.089937780572388,-2.9788542,-3.1089693428264056,-3.1407387039999968,-3.1355184912934106
1.666666667,20,0.00242,20.881,1.187061028,3.311944428,3.3371319838279496,3.1505408,3.1044425817414902,3.3118879168160054,3.2262695163233546
1.0,40,0.001732,11.90517,0.271537048,5.325688848,5.34428591243046,4.6042366,5.527108755752096,5.324948741835631,5.223814188161689
0.6,60,0.002298,8.122,0.030732972,5.397174146,5.384366497867946,4.801164,5.550280479852372,5.3971741459999985,5.52652561455688
0.6,40,0.001543,12.651,0.529124253,2.579832626,2.5583993771637226,2.8146858,2.7026747253100627,2.5792352183444516,2.8175601661976026
1.666666667,15,0.00373,17.705,0.740806149,7.738736145,7.721321466790139,7.9441237,7.657050602284067,7.738736145000039,6.758037354197599
1.666666667,30,0.00691,38.052,1.440338632,-2.372395493,-2.343462048382828,-2.0283198,-2.332498425655716,-2.3723954929999995,-2.314057705592813
1.666666667,20,0.00242,13.921,0.771013425,9.236207068,9.227363848967464,8.861154,9.191749345840439,9.236235765853685,9.019902092910204
0.6,40,0.00926,12.651,0.437368602,2.825537505,2.822085591016449,2.6725776,2.735544658742908,2.824656534922133,2.614510187041915
0.6,40,0.00463,6.325,0.34255443,13.09703971,13.079522734476072,12.8358755,13.205564730653869,13.097039709999994,13.403998235389214
1.0,10,0.001386,23.91227,1.206077055,3.780161987,3.785583763897862,4.033892,3.7778020074593126,3.7801619870000014,3.9125704255808396
1.666666667,20,0.00484,6.96,0.0,38.59187603,38.54948234417218,38.705822,38.6140687410091,38.59187602999975,36.69196406413181
1.0,20,0.003789,51.41527,2.407117744,-3.592350865,-3.588096471137347,-3.254495,-3.489490758604669,-3.5923508649999945,-3.230544252365272
1.0,30,0.002277,15.76522,0.871791961,2.823795036,2.8131009887680527,2.7664652,2.894335686592144,2.8271902168051297,2.7849379948083794
0.6,40,0.002315,6.325,0.356827531,13.06938208,13.064372022937185,12.653358,13.174624455707221,13.069382080000064,13.417794970359267
1.666666667,40,0.00878,25.036,0.844151988,-0.482996665,-0.4835056935451237,-0.5548208,-0.5963861889974371,-0.48299666500000155,-0.26735501914970106
1.0,20,0.001263,14.39628,0.695813685,6.331937957,6.276419649497593,6.228954,6.361084886112252,6.331937957000017,6.158097804724553
0.6,30,0.001543,12.36,0.661876452,4.003917361,3.969136582026528,4.29599,3.8774913619681968,4.003917361000028,4.9503437048563
1.0,15,0.003327,28.64801,2.387767496,-0.184486098,-0.18230976693270382,-0.37728083,-0.10011784655331013,-0.1844860980000006,-0.3959595736407191
1.0,15,0.006653,67.60931,1.815967016,-0.941735899,-0.9296919702335299,-1.0026579,-0.8750332163223842,-0.9417358989999983,-0.8779269450598796
0.6,40,0.001543,3.163,0.0,53.68863227,53.691379538335006,53.578682,53.62356564328711,53.68863226999984,53.8475033492815
1.0,20,0.003789,7.19814,0.323766368,26.62891419,26.633123049133207,26.701443,26.605561114652737,26.628914189999872,26.739053736131773
0.6,15,0.001428,20.129,1.130043279,3.036922622,3.0270872880932767,3.0024378,3.1535605220478793,3.0369226220000143,3.180518998628748
1.0,40,0.002597,11.90517,0.523678592,4.755994045,4.824645276916784,5.076051,4.712076764376751,4.757503513204323,4.726592315377242
0.6,20,0.003485,15.826,1.030322873,3.552678711,3.57268173776159,3.7110038,3.595080344474832,3.5526787109999995,3.7437511435868274
1.666666667,40,0.00878,16.691,0.520968195,2.603562211,2.599853588544605,2.7660484,2.4856090170087297,2.6010657908390407,2.188737566999997
0.6,30,0.00926,8.24,0.233745203,10.45983982,10.413335693630811,10.787366,10.499537588070853,10.459839820000045,10.67574523721558
1.666666667,20,0.00121,34.802,2.465859977,-2.668041604,-2.627925234648349,-2.2862244,-2.5898766290055697,-2.667995037139462,-2.518907324916166
1.666666667,10,0.000638,68.476,3.413463137,-1.22021727,-1.2315753285574957,-1.4324051,-1.2214554158774664,-1.2225365946541322,-1.282792460568864
1.0,15,0.001109,19.09868,1.170557423,4.163004259,4.146450977879794,4.3833785,4.231845609550039,4.163004258999992,4.003456309982032
0.6,60,0.003448,12.183,0.220124909,2.109925302,2.1142360945198004,2.0731502,2.122489350975304,2.1109502184488096,2.2042108740000033
0.6,10,0.002,62.28,3.643081653,-1.744470103,-1.746415752549982,-1.8383361,-1.7014414156047426,-1.7444311318499974,-1.7690584612634743
0.6,15,0.002855,6.71,0.0,31.81023577,31.820270846520383,31.80549,32.05316981257678,31.810235770000183,31.69616086712572
0.6,15,0.00571,6.71,0.0,31.81023577,31.81411492829838,31.350286,31.54970284133904,31.810235770000183,31.777329784970036
1.666666667,10,0.00255,41.085,1.225957446,1.954916971,1.971748987034636,2.53967,2.0731624880095145,1.9549169709999914,1.6757193876946086
0.6,60,0.01379,6.092,0.258156962,9.232505856,9.240788396344955,9.172935,9.303042965602923,9.23250585599999,9.291774889059871
1.0,20,0.001263,28.79255,1.431388153,0.213609707,0.1845194606614857,0.26930404,0.3354569301801593,0.21289513621760803,0.1300644286706585
1.0,30,0.009108,26.27537,0.887107226,0.196119512,0.15806683681039216,0.09160585,0.2690687037715547,0.19386474280316618,0.09614635974850268
1.666666667,15,0.000622,44.262,2.769024567,-1.715025579,-1.740632827768121,-1.7014256,-1.7623217330799346,-1.7165977922776894,-1.8313656524550919
0.6,30,0.00463,20.601,1.588503485,-2.245414212,-2.2663641363245253,-2.0531092,-2.3017876391935808,-2.246121282090516,-1.877799182796412
0.6,15,0.000952,20.129,1.121672588,3.044266403,3.0491102835738673,3.0140944,3.1731215842914953,3.0442664030000235,3.2911399132395225
1.666666667,20,0.00121,20.881,1.318444482,3.083932085,3.086197586028144,3.2403913,2.953463490830952,3.0842421266528284,3.094590827173656
1.0,15,0.003327,47.74669,2.768622774,-2.309014029,-2.2984537426170624,-2.2369287,-2.3382393237723154,-2.308892892294655,-2.2724113998023983
1.0,15,0.001663,38.19735,2.592402988,-1.507605109,-1.5040135909058814,-1.8158284,-1.6082789080569153,-1.5091861896985626,-1.620121449191615
1.666666667,10,0.001275,54.781,2.718643471,-0.033833936,-0.03738183961317271,-0.060054053,-0.14498676280547507,-0.033982284758160355,-0.11476231033532952
0.6,15,0.002855,46.967,2.645138341,-2.076910554,-2.0803486835870406,-2.0950024,-2.1016343322175324,-2.077525737501493,-2.056109792832333
1.0,30,0.002277,31.53044,1.102993546,-0.934762889,-0.9271079713270746,-0.79738325,-0.9080401083499368,-0.9346807579441214,-1.007123113694612
1.0,15,0.001109,57.29603,2.5574135,-2.089842338,-2.0945188329771063,-2.0981436,-2.173387054577935,-2.0908378716967415,-2.1371220759281426
1.666666667,15,0.001865,35.41,2.278920612,-0.035360416,0.001847710804435673,0.065809645,0.011780678591287952,-0.03659160632640926,-0.12965223538922138
1.666666667,40,0.00878,12.518,0.390131434,5.543703004,5.496878017593746,5.370128,5.616734472609703,5.541526459234725,4.876903726610783
1.666666667,30,0.00691,16.308,0.589584121,4.144915779,4.1467963460864645,3.708485,4.369210199264117,4.144423088965889,3.7350195327784403
1.0,20,0.001263,21.59441,1.115195267,2.08364677,2.113589411558762,2.0636482,2.1092414340494408,2.0840876196394493,2.072847676574845
0.6,10,0.004,51.9,2.932357674,-0.691540263,-0.6900335711379076,-0.5443968,-0.578358027131145,-0.6915402630000015,-0.6772230466407165
1.666666667,30,0.00691,27.18,1.168244068,-0.439823585,-0.4544577785864975,-0.49028915,-0.5794533363780889,-0.4407225168154295,-0.6310339504790416
1.0,40,0.01039,19.84195,0.930984164,-0.469954943,-0.5233349065559358,-0.72503865,-0.5499688383600976,-0.4673445147768569,-0.35279194567664607
0.6,30,0.002315,12.36,0.970323731,3.219297666,3.2540466690879097,3.262447,3.312580294165775,3.219297665999996,4.205219040101793
1.666666667,20,0.00484,20.881,0.615427757,4.025638997,3.967935531394703,4.150408,4.180119723868138,4.024433429473283,3.745587924994006
1.0,30,0.004554,26.27537,1.082376844,-0.418523023,-0.5022505524690052,-0.729875,-0.650418735289632,-0.41983419182136766,-0.6039765935808401
1.666666667,15,0.000933,35.41,2.758142669,-0.975860967,-0.9924540638258837,-0.8947344,-1.0695599283889425,-0.9743013545044511,-1.1386485152814356
1.0,30,0.009108,31.53044,1.079431601,-0.852579139,-0.8341453804363882,-0.7134399,-0.7893912950372926,-0.8527390789812064,-1.0234096810419162
1.666666667,10,0.00255,54.781,1.645102356,0.777389443,0.8048352447061722,0.7729086,0.8824112009993552,0.7773894430000028,0.6281114682934137
0.6,30,0.002315,4.12,0.0,42.17996368,42.17932803590413,42.12375,42.07327032644159,42.17996368000017,41.998092478802285
1.666666667,40,0.00439,25.036,1.083396351,-1.760697875,-1.7553565094255386,-1.808291,-1.7646712629116674,-1.7605080698011912,-1.5511967773592847
1.666666667,15,0.000933,53.115,3.091575192,-2.840337781,-2.8878059278341657,-3.0448163,-2.8995848209015023,-2.838892218516182,-2.8005098728143722
0.6,20,0.00697,31.653,0.683424456,0.748474903,0.7456659882756658,0.8706227,0.8024712510365957,0.7484749029999946,0.7944000137904196
0.6,15,0.001428,40.258,2.730240366,-2.020716714,-2.0489893482474195,-2.1808617,-2.053322087740119,-2.021091557664924,-1.919940000988025
0.6,15,0.00571,33.548,0.825350128,1.006996979,1.0006544552301364,0.80135983,0.9697030957322976,1.0069969790000033,1.1301800693293422
1.666666667,30,0.001728,10.872,0.60725558,9.970282093,9.962491241983638,10.145455,10.046571567858965,9.970126712928822,9.78497931284431
1.666666667,60,0.003013,16.074,0.172296722,2.226929566,2.183233141123982,2.3803878,2.2827384952626844,2.226858661134517,2.0088031491676666
1.666666667,15,0.00373,44.262,1.402927804,0.505550476,0.5424455794669849,0.4586944,0.5116569894348659,0.5055504759999983,0.36157030854491096
1.0,40,0.01039,11.90517,0.429287142,5.011571699,5.03093115528857,5.3130107,4.893029240915622,5.01203614952053,4.790074181640716
0.6,10,0.000667,74.282,3.536452438,-1.7764018,-1.7739070696106118,-1.7638597,-1.789489487378619,-1.775667977726832,-1.620980342784431
1.0,20,0.007577,7.19814,0.0,26.70337305,26.758876764769298,26.995562,26.867419034267602,26.703373049999996,27.573609423353336
1.666666667,20,0.00484,52.354,1.458048562,-0.790419523,-0.7809178649834092,-0.9061264,-0.8667830716287153,-0.7904195229999986,-0.8120995701556879
1.666666667,30,0.003455,10.872,0.660269956,9.865555925,9.856685227152731,9.782018,9.59072389643474,9.865725967621714,9.64567238594612
1.666666667,40,0.00439,8.345,0.440427124,12.88471752,12.899190005037468,12.762925,12.710298101767574,12.884717519999949,12.336189841718596
0.6,60,0.002298,4.061,0.0,21.70793027,21.734433857416608,21.781725,22.068117518811377,21.70793027000012,22.450947813293368
1.0,30,0.004554,10.51015,0.446204332,8.768362347,8.739249445903448,9.041897,8.95894058284661,8.767425242812871,8.8147877607964
0.6,40,0.001543,18.976,0.481207413,0.849776637,0.8543241444852602,0.6697724,0.8852205850535704,0.8475907411677508,0.9002508572934136
0.6,20,0.00697,37.158,0.952295273,0.149742789,0.14430500800706025,0.047989745,0.12750690587428792,0.1497427890000007,0.2588198878682639
0.6,40,0.001543,9.488,0.399646835,5.522881381,5.559872951788446,5.2053866,5.334455870554931,5.522881380999982,5.552608494269473
0.6,40,0.002315,9.488,0.482566756,5.320199493,5.308188810373275,5.28833,5.391928141936583,5.320199493000015,5.3958867677844395
1.0,60,0.012535,12.38116,0.460886682,2.053892493,2.0520467377016463,1.7600124,1.890876118205,2.0533458664911004,2.6336177082694587
0.6,10,0.002,20.76,1.277315122,4.701629853,4.723260682908998,4.5432158,4.854641402226406,4.701629852999988,4.535850389964065
1.666666667,60,0.003013,13.395,0.161809096,3.310049851,3.3151449866306737,3.381776,3.4748887622871623,3.310049851000011,3.3352443061856247
1.0,40,0.002597,23.81034,0.554711398,0.509522558,0.47422837728755374,0.13846226,0.4015454375412286,0.5099019336172076,0.5093983413892216
0.6,20,0.003485,10.551,0.743353751,9.265220598,9.25933589435816,9.253085,9.326634402721858,9.265437609139422,9.235587356431163
1.666666667,40,0.002195,28.781,0.862616817,-0.933151156,-0.9287547706855716,-1.2960757,-0.9366189668520306,-0.9334970962314576,-0.7771357834910162
0.6,10,0.001,10.38,0.0,19.93662346,19.946004367307157,19.528944,20.04808074764349,19.936623460000124,19.687404338586877
0.6,60,0.003448,6.092,0.174025452,9.45917406,9.450859365806762,8.947828,9.588379914189662,9.459174059999933,9.887078344341294
0.6,15,0.002855,40.258,2.403783418,-1.36769347,-1.3636552561426696,-1.5583857,-1.4536286196195274,-1.366492489139718,-1.396112406502996
1.0,15,0.001663,19.09868,1.383675214,3.945506078,3.958315601735835,4.081304,3.9374545888650054,3.9455060780000206,3.796542770443111
1.0,40,0.002597,7.93678,0.380151867,12.0435531,12.05134050191274,12.189695,12.081221122294135,12.043553099999935,12.03119869128745
1.0,20,0.001894,7.19814,0.369207262,26.60654673,26.601974437676567,26.553226,26.72729596817791,26.60654673000016,27.060058381317383
1.666666667,15,0.000933,61.967,3.306422926,-3.610341263,-3.5746533096878665,-3.1169722,-3.467914252340327,-3.610341263000008,-3.3636604780239563
1.666666667,30,0.001152,38.711,1.025997371,-0.808819085,-0.8116052278833439,-0.83673704,-0.7677742560923093,-0.8093606629129606,-0.7712064521616764
1.0,30,0.002277,26.27537,1.129206209,-0.584045505,-0.5433887501287967,-0.5963261,-0.6332635536597753,-0.5840708309000037,-0.5475815543712585
1.0,30,0.002277,5.25507,0.273907609,36.22635098,36.22828984482041,36.175735,36.114770890094626,36.2263509799997,37.37667726467055
1.0,10,0.005543,23.91227,0.715694076,3.947513639,3.951734255293627,3.982116,3.956684671375125,3.94751363899999,3.962762170437132
1.666666667,20,0.00242,41.762,2.478998323,-3.184720538,-3.2057754516170265,-3.5644934,-3.360174401088754,-3.185438665480698,-3.1507564647125794
1.666666667,15,0.001865,44.262,2.440893482,-1.048950607,-1.1137477245707734,-1.1962272,-1.0808140635894148,-1.047898148065278,-1.2608037287005973
1.666666667,15,0.000933,26.557,2.134526193,1.75926845,1.774906851964368,1.6736187,1.7486516051616618,1.7592684499999969,1.644850623491019
1.666666667,40,0.002195,8.345,0.481207413,12.78058381,12.789414184213497,12.555751,12.724366220127134,12.780583809999948,12.403616243982066
1.0,40,0.005195,28.45626,1.006191219,-1.907733742,-1.9390918277566453,-1.7360214,-2.0040420945778123,-1.9077835815786393,-1.669166562335332
1.666666667,20,0.000807,51.143,2.03744599,-2.160585777,-2.162627747068217,-2.358439,-2.0315523916526033,-2.160585777000012,-2.0471483590838297
1.0,60,0.003134,7.4287,0.045118618,9.464326293,9.453811924581874,9.395366,9.528422634617682,9.464326292999923,9.343938454425128
1.0,40,0.002597,3.96839,0.155164027,49.74823747,49.744845459567316,49.515923,49.72363476093571,49.74823746999976,50.41702139347315
1.666666667,40,0.001463,12.518,0.572283393,5.057991417,5.009699848311846,5.1894393,4.9903182705816596,5.0562875639659,4.8509031448263515
1.0,10,0.001386,11.95614,0.53014376,16.10398317,16.12738431434951,16.11082,16.270015061169488,16.103983169999996,16.663103233023946
1.666666667,30,0.001728,21.744,1.160291912,0.538084028,0.5417581584749324,0.29948217,0.5570501523337281,0.5382063872623599,0.28130162044311374
1.666666667,15,0.00373,53.115,1.501143911,0.005627788,-0.04091090619698526,0.1740321,-0.11920868432685516,0.005627787999999978,-0.049149771431137745
0.6,60,0.002298,2.031,0.0,86.83172108,86.72868268830148,85.936455,86.73883299682848,86.83172108000048,86.54665854550875
0.6,15,0.001428,13.419,0.837069095,7.679555914,7.691672645895609,7.74738,7.599769269476184,7.679532856584607,8.466631986395225
1.666666667,15,0.000622,8.852,0.0,31.81023577,31.7728920538753,31.746897,31.75533066243448,31.810235770000183,29.87354050852692
1.0,20,0.003789,21.59441,1.041353815,2.19675977,2.228062884115612,2.1127417,2.148169876665529,2.1966971493130383,2.15829743855688
1.666666667,10,0.000425,27.39,1.317075904,4.683766924,4.704998123611491,4.502208,4.7572946806975285,4.683766924000037,4.386657583544907
1.666666667,60,0.01205,5.358,0.112367427,21.62921741,21.62623481499155,21.560925,21.673981860771235,21.629217409999928,21.71904535347302
1.666666667,30,0.003455,5.436,0.322905745,42.01746255,42.01658496484822,41.885704,42.0977371373988,42.017462550000225,40.90831672640724
0.6,30,0.001543,4.12,0.0,42.17996368,42.17350280036047,42.298542,42.118218153921795,42.17996368000017,42.104696930658584
0.6,15,0.000952,33.548,2.392343474,-0.957524077,-0.9726775121130192,-0.9693531,-1.0107761263138375,-0.9601311527124127,-0.8974773181856285
1.0,15,0.001109,47.74669,2.589222125,-1.924962395,-1.9096971910109144,-1.8065712,-1.9096226289830422,-1.9268377810659247,-1.9596150485389228
0.6,10,0.004,20.76,1.08348131,4.780870938,4.780699172883733,4.784892,4.586906707936874,4.780870937999976,4.6071945983832405
1.0,60,0.003134,2.47623,0.0,85.29606162,85.41462188178167,85.197975,85.28073064225529,85.29606161999985,85.682275376407
1.0,60,0.006268,9.90493,0.359538986,4.504609323,4.489286850934881,4.234353,4.453741114607526,4.506091770293778,4.649708135898194
0.6,15,0.000952,6.71,0.0,31.81023577,31.80602175355786,32.25752,31.64622437675341,31.810235770000183,31.80526762652692
1.0,20,0.001263,51.67235,1.781124783,-1.735226123,-1.716101242163777,-1.9214659,-1.7685782045552294,-1.7348483048189922,-1.5853084399880208
0.6,20,0.001162,21.102,1.211839487,1.394777802,1.4125047957444956,1.323234,1.43913269649547,1.394777802000007,1.5741807455987993
1.666666667,15,0.001865,26.557,2.128945732,1.768538419,1.768603729744795,1.7659924,1.6932582618036465,1.7685384189999986,1.5585302786047932
0.6,15,0.00571,46.967,1.070252629,0.202898178,0.21019221550834996,0.13957083,0.14027043483380286,0.2027652509451032,0.35947655737724543
1.0,30,0.004554,21.02029,0.831663024,1.16621365,1.1775898209147955,1.3084431,1.2336894294817018,1.163222327990349,0.9598496804550907
1.666666667,30,0.003455,27.18,1.682001567,-2.721979453,-2.7369570973275694,-2.8810782,-2.624092010667841,-2.7212723829095067,-2.5259210130958096
1.0,30,0.004554,5.25507,0.238564692,36.2552983,36.269456004535755,36.946712,36.143739391812474,36.25529830000004,36.84358314670648
1.0,15,0.006653,28.64801,0.742201264,1.87344505,1.8703787761652242,1.7355535,1.8095795743709973,1.8734450499999897,1.513899065491014
0.6,30,0.00463,4.12,0.0,42.17996368,42.187884489758844,42.084503,42.39785036261861,42.17996368000017,41.6276783797005
1.0,10,0.005543,47.82455,1.491029326,0.614829016,0.6403425637947411,0.72889215,0.628540346055833,0.614829015999996,0.7031508635029949
1.0,60,0.012535,4.95247,0.172578713,21.13361411,21.14326194092352,20.938,21.26028926865559,21.133614110000046,21.25107680718565
0.6,15,0.000952,26.838,1.680416209,0.887922175,0.8943179974486983,0.8806959,0.9568021595858394,0.887922175000004,0.913722456329341
1.0,10,0.002771,35.86841,1.811324514,1.2122568,1.2202757557448505,1.1935525,1.2252252684559313,1.212256799999994,1.1768918351377273
1.666666667,30,0.003455,32.616,1.828192725,-4.037267597,-4.002925907340802,-3.7678819,-3.95204993652054,-4.037267596999986,-3.680788159275443
1.666666667,20,0.00121,27.841,1.851469459,0.037583817,0.005419230771319533,-0.17252128,-0.15966815642889465,0.03809677405192862,0.04230633022754484
0.6,10,0.002,74.607,3.781077497,-2.089755424,-2.0958668918866796,-1.8930942,-2.1829468950281647,-2.088825180121992,-2.0129171914431114
1.666666667,60,0.006025,2.679,0.0,86.83172108,86.8563457569831,86.82803,86.89069376317998,86.83172108000048,86.70298316119737
0.6,30,0.00926,20.601,0.79521564,0.701657615,0.7370782965603165,0.8241167,0.80273500439188,0.6998570601795203,0.7636461051916181
1.0,15,0.001109,28.64801,2.260532994,0.0518198,0.04349401287574076,-0.0042977245,0.13562257486405294,0.05181980000000021,0.12173361434730556
1.666666667,30,0.001152,5.436,0.0,42.17996368,42.19260124084805,41.84263,42.22044472318152,42.17996368000017,41.28521115682627
0.6,60,0.002298,12.183,0.069149186,2.382183831,2.329141786777094,2.507556,2.307639858425003,2.383350390270784,2.5179172989461116
1.666666667,60,0.003013,18.928,0.185468756,1.525071415,1.53730979189002,1.4641523,1.4852240301923256,1.5247193618397723,1.5164096946826373
1.0,60,0.003134,17.54437,0.105551145,1.627944459,1.6769771069746267,1.5963571,1.731967083746067,1.6276739200667594,1.6273163480538897
0.6,40,0.001543,6.325,0.26507188,13.22748332,13.221192683059686,13.532409,13.238476227361971,13.22748331999994,13.515239850958055
1.666666667,40,0.001463,25.036,0.60762631,0.46839843,0.49028554550962394,0.3518,0.6535866073257548,0.4681527441023728,0.5244720567784427
1.0,60,0.006268,4.95247,0.184422351,21.10658386,21.10068380796114,21.02635,21.06472716768321,21.10658385999984,21.181570505089784
1.666666667,60,0.006025,13.395,0.385852459,2.545141912,2.552090250924739,2.6429403,2.5039579811306902,2.544413055295242,2.8964191643832353
1.666666667,20,0.00121,41.762,2.616144208,-3.66873846,-3.669558154655303,-3.1606207,-3.5428008132112065,-3.668020332519276,-3.410848743844306
0.6,15,0.000952,40.258,2.799996123,-2.171020048,-2.146841419098252,-2.214335,-2.05041331942547,-2.171364534107058,-2.0663256752514987
1.0,10,0.000924,82.3645,4.165903871,-2.741458014,-2.8613035487848633,-2.8427322,-2.8213376054850503,-2.7414580140000155,-2.646837531868257
0.6,15,0.000952,13.419,0.895663932,7.639997775,7.6345905752219805,7.564581,7.628965346256622,7.640056466600922,8.732587970245506
1.0,40,0.005195,23.81034,0.993696292,-1.421768952,-1.426383697027353,-1.4577084,-1.4956776484253798,-1.4202036780628011,-1.139761508904193
1.666666667,10,0.00255,83.883,1.892288646,-0.088642962,-0.10612031875078752,-0.05300098,-0.14000257729108512,-0.08864296200000064,0.12773183067065833
1.0,30,0.001518,26.27537,0.67770044,0.719825063,0.7511676903397381,0.71098393,0.699922045712678,0.7198250630000016,0.6894900817365279
1.666666667,10,0.000425,13.695,0.0,19.93662346,19.924372289848623,19.868927,19.95133713503317,19.936623460000124,19.840268360329393
1.0,60,0.002089,9.90493,0.0,5.331003851,5.304154355912899,5.885445,5.647632322143885,5.331003851000041,6.185047198604787
1.666666667,10,0.000638,82.171,4.156658421,-2.438131985,-2.410552083262443,-2.503986,-2.4044142192358695,-2.438131985000012,-2.4408978149221534
1.666666667,10,0.00255,27.39,0.919468084,4.837757695,4.826166912364215,5.1433406,4.984779403078518,4.837757694999991,4.37828475041318
0.6,20,0.00697,15.826,0.472519439,4.13333204,4.180850000198161,4.5502853,4.398830846963124,4.133349226556372,4.2272525337784534
0.6,15,0.001428,46.967,3.054106384,-2.985047884,-2.9664524076319267,-2.7996972,-2.8248588999659674,-2.983290505246872,-2.8265301312215523
1.0,10,0.002771,23.91227,1.153062679,3.802371563,3.8106541436347636,3.874675,3.738048906197232,3.8023715629999733,3.8741637803473044
1.666666667,20,0.00242,34.802,2.168518477,-1.713556079,-1.7771811661108203,-2.0378516,-1.7333612625454276,-1.713477024784965,-1.7730497313892222
1.666666667,30,0.00691,5.436,0.192779549,42.12204392,42.134395367576595,42.24486,41.92244696335905,42.122043920000166,40.66090883550892
0.6,10,0.000667,10.38,0.0,19.93662346,19.93143161163485,20.00231,19.90318653517309,19.936623460000124,19.852708968047956
1.666666667,60,0.01205,16.074,0.535906192,0.621623943,0.6623342371061438,0.8290513,0.577740927689895,0.6252376623523763,0.9274509206407199
1.0,40,0.005195,19.84195,0.968999351,-0.675175044,-0.6520276905712281,-0.6694062,-0.5788459345737493,-0.6734550615860592,-0.46430203062275455
0.6,60,0.003448,14.258,0.224531475,1.446838478,1.4315404722338914,1.2603536,1.3402917189216925,1.4483998822967423,1.5234177255928119
1.666666667,30,0.001152,21.744,0.981970829,1.133444871,1.120406247458087,1.1212173,1.2173569718697514,1.1305673859725478,0.8592736044431121
1.0,30,0.001518,15.76522,0.734838157,3.175457057,3.1978766419699443,3.5800827,3.0399872147773985,3.175069017955003,3.1881217760419185
1.666666667,10,0.000425,41.085,2.064247267,1.477300337,1.4643001564506102,1.7128539,1.5101434631031472,1.4773003369999886,1.3926615610359292
1.0,15,0.001109,9.54934,0.50893801,18.73840838,18.75454486557567,19.041674,18.73337637459218,18.738440985044367,19.038011144383194
1.666666667,40,0.00439,28.674,1.123983898,-2.363326056,-2.357963279419454,-2.0320935,-2.2170530141389815,-2.362650103011874,-1.967747605796411
1.0,20,0.001263,7.19814,0.408968044,26.58456888,26.610851086610907,26.515753,26.655075365608017,26.58456888,27.50585039802396
1.0,10,0.002771,11.95614,0.432950738,16.1206057,16.111249014065784,16.039331,16.27831757035247,16.12060569999995,16.76923784949698
1.666666667,30,0.00691,32.616,1.270738528,-1.344951977,-1.4124739075485107,-1.6799406,-1.4505273084182786,-1.3467233521587485,-1.6576081502155662
1.666666667,60,0.01205,2.679,0.0,86.83172108,86.78728042177342,86.74704,86.7335456636469,86.83172108000048,86.5558541111375
0.6,60,0.006895,6.092,0.290426582,9.122148456,9.1273092725549,9.155452,9.086669514361427,9.122148456000067,9.287149048754506
0.6,40,0.002315,15.813,0.756066563,0.563737859,0.5713037562726436,0.79227215,0.6077787950005877,0.5658057786425364,0.94748045276048
0.6,60,0.006895,10.153,0.450852694,2.206100927,2.1817880634507163,2.3471575,2.252050448782173,2.206100926999996,2.5379047090898252
1.0,10,0.000924,35.86841,2.362084976,0.804081512,0.7807316139326445,1.2941558,0.9907743922733268,0.804055738765582,0.7587057292934124
0.6,30,0.002315,8.24,0.669908933,9.845573608,9.856707870528005,10.1918125,9.804211460234304,9.845617917905042,9.992350151604786
1.0,15,0.003327,19.09868,1.320057963,4.014230992,4.013557133030528,3.999577,3.944761400504431,4.014230991999983,3.9609298605149683
0.6,30,0.00926,16.481,0.637377385,2.003110081,1.97729319037872,1.9050244,1.9667770647492802,2.0020952230222595,2.071715537011973
1.0,40,0.005195,15.87356,0.745757107,1.533355945,1.5332053141895492,1.3708143,1.5010226798459865,1.530205208788421,1.3862291245509002
1.666666667,60,0.002008,5.358,0.0,21.70793027,21.724354437534213,21.375668,21.81089862038832,21.70793027000012,21.81988744041911
1.666666667,15,0.000933,44.262,3.120593587,-2.521782288,-2.50397095973244,-2.5887783,-2.583222447097709,-2.5214971525764294,-2.5578063517544893
1.0,40,0.002597,19.84195,0.573331081,1.058715138,1.0614811918015037,0.80897826,1.0018603163252786,1.0596733745287883,0.9579569215628726
0.6,40,0.00463,9.488,0.437708438,5.43457763,5.4046943513857295,5.542083,5.50851464700253,5.434577629999973,5.339770134491023
1.0,60,0.002089,17.54437,0.0,1.699167637,1.6644385914917863,1.7774508,1.5579837248668982,1.6990731775192887,2.26179379352096
0.6,10,0.001,74.282,4.037889724,-2.434095792,-2.416409897013143,-2.3240929,-2.388259635668037,-2.4321437666145678,-2.3518171736347258
1.666666667,10,0.000638,83.883,4.177316446,-2.490318053,-2.532290130524617,-2.5588803,-2.447692940973937,-2.4903180530000077,-2.5114525772694627
0.6,20,0.001743,10.551,0.771013425,9.236207068,9.23701706715308,9.153,9.178515258109726,9.236596266261202,9.315484372167695
0.6,30,0.001543,8.24,0.404837053,10.28956478,10.26899047689134,10.08757,10.535976332069119,10.28956478000006,10.693417994269478
1.666666667,30,0.001728,27.18,1.283911798,-0.8818672,-0.8688622714648759,-0.8443123,-0.9189281390758914,-0.8819791764103795,-0.7818587825209592
1.0,10,0.002771,71.73682,4.653484118,-3.396750744,-3.340316299742679,-3.0320346,-3.3482074951909606,-3.3967507439999802,-3.3474154028083736
1.0,30,0.002277,10.51015,0.554442016,8.595263342,8.572311399386173,8.508404,8.651845033413949,8.595736597376636,8.572119808269445
0.6,30,0.002315,20.601,1.130652056,-0.305138421,-0.30005547061306803,-0.24939646,-0.27237637206927623,-0.29904041247057256,-0.2659489453113775
